Pollster,Sample dates,Sample size,CON%,LAB%,LIB%,Reform%,Green%
General Election,12 Dec 2019 - 12 Dec 2019,"1,000",45,33,12,2,3
BMG/The Independent,08 Jan 2020 - 10 Jan 2020,"1,508",44,29,11,4,5
Opinium/The Observer,15 Jan 2020 - 17 Jan 2020,"1,978",47,30,9,3,4
YouGov/The Times,24 Jan 2020 - 26 Jan 2020,"1,628",49,29,10,2,4
Survation,30 Jan 2020 - 31 Jan 2020,"1,015",44,33,10,3,3
YouGov/The Times,31 Jan 2020 - 02 Feb 2020,"1,575",49,30,8,2,5
Ipsos-MORI/Evening Standard,31 Jan 2020 - 03 Feb 2020,"1,001",47,30,11,1,5
YouGov/The Times,09 Feb 2020 - 10 Feb 2020,"1,694",48,28,10,2,6
Opinium/The Observer,12 Feb 2020 - 14 Feb 2020,"2,007",47,32,7,2,4
SavantaComRes/Sunday Express,19 Feb 2020 - 20 Feb 2020,"2,005",47,31,9,3,4
Kantar Public,05 Mar 2020 - 09 Mar 2020,"1,171",50,29,11,1,2
Opinium/The Observer,12 Mar 2020 - 13 Mar 2020,"2,005",49,32,6, ,5
Ipsos-MORI/Evening Standard,13 Mar 2020 - 16 Mar 2020,"1,003",52,30,9, ,4
Number Cruncher Politics/Bloomberg,24 Mar 2020 - 26 Mar 2020,"1,010",54,28,7,2,4
Opinium/The Observer,26 Mar 2020 - 27 Mar 2020,"2,006",54,28,6, ,3
Redfield and Wilton Strategies,01 Apr 2020 - 02 Apr 2020,"2,000",49,29,8, ,4
YouGov/The Times,01 Apr 2020 - 02 Apr 2020,"1,631",52,28,8,1,5
Opinium/The Observer,01 Apr 2020 - 03 Apr 2020,"2,000",53,30,7, ,3
BMG/The Independent,07 Apr 2020 - 09 Apr 2020,"1,541",46,29,10,2,6
Opinium/The Observer,07 Apr 2020 - 09 Apr 2020,"2,005",55,29,5, ,4
Opinium/The Observer,15 Apr 2020 - 17 Apr 2020,"2,000",51,32,6, ,3
YouGov/The Times,16 Apr 2020 - 17 Apr 2020,"2,015",53,32,5,1,3
Redfield and Wilton Strategies,17 Apr 2020 - 17 Apr 2020,"1,500",52,31,8, ,3
Opinium/The Observer,21 Apr 2020 - 23 Apr 2020,"2,000",50,33,7, ,3
Redfield and Wilton Strategies,26 Apr 2020 - 26 Apr 2020,"1,500",50,33,7, ,4
Opinium/The Observer,27 Apr 2020 - 01 May 2020,"1,072",51,33,6, ,3
YouGov/The Times,05 May 2020 - 06 May 2020,"1,667",50,30,7,3,5
Redfield and Wilton Strategies,06 May 2020 - 06 May 2020,"1,500",50,31,7, ,5
Opinium/The Observer,05 May 2020 - 07 May 2020,"1,053",49,33,6, ,5
Kantar Public,05 May 2020 - 11 May 2020,"1,130",51,32,7,2,2
Opinium/The Observer,13 May 2020 - 14 May 2020,"1,062",49,34,6, ,3
Redfield and Wilton Strategies,15 May 2020 - 15 May 2020,"1,500",47,35,9, ,3
SavantaComRes,15 May 2020 - 17 May 2020,"2,079",46,33,7,2,4
YouGov/The Times,18 May 2020 - 19 May 2020,"1,718",48,33,6,2,5
Opinium/The Observer,21 May 2020 - 22 May 2020,"2,008",47,35,6, ,3
Survation,22 May 2020 - 26 May 2020,"1,040",46,33,8, ,4
YouGov/The Times,25 May 2020 - 26 May 2020,"1,629",44,38,6,2,4
YouGov/DatapraxisEU,26 May 2020 - 27 May 2020,"2,029",43,38,6,3,4
Redfield and Wilton Strategies,27 May 2020 - 27 May 2020,"1,500",43,37,9, ,3
Deltapoll/The Mail on Sunday,27 May 2020 - 28 May 2020,"1,557",43,38,8,2,4
Opinium/The Observer,28 May 2020 - 29 May 2020,"2,012",43,39,6, ,3
YouGov/The Times,29 May 2020 - 30 May 2020,"1,650",45,35,6,2,5
Redfield and Wilton Strategies,03 Jun 2020 - 03 Jun 2020,"1,500",43,36,9, ,5
Survation,03 Jun 2020 - 03 Jun 2020,"1,018",41,39,7,1,4
Deltapoll,04 Jun 2020 - 05 Jun 2020,"1,547",41,38,8,3,4
Opinium/The Observer,04 Jun 2020 - 05 Jun 2020,"2,002",43,40,6, ,3
Ipsos-MORI/Evening Standard,05 Jun 2020 - 10 Jun 2020,"1,059",43,38,10, ,3
Survation,09 Jun 2020 - 10 Jun 2020,"1,062",42,36,8,1,4
Redfield and Wilton Strategies,11 Jun 2020 - 11 Jun 2020,"1,500",41,39,9, ,4
Opinium/The Observer,11 Jun 2020 - 12 Jun 2020,"2,001",44,39,6, ,2
YouGov/The Times,11 Jun 2020 - 12 Jun 2020,"1,693",45,37,6,2,4
SavantaComRes/The Daily Telegraph,12 Jun 2020 - 14 Jun 2020,"2,106",40,36,9,3,3
Kantar,11 Jun 2020 - 15 Jun 2020,"1,124",43,35,8,2,4
Redfield and Wilton Strategies,18 Jun 2020 - 18 Jun 2020,"2,000",43,38,8, ,4
Opinium/The Observer,18 Jun 2020 - 19 Jun 2020,"2,001",44,40,5, ,3
Survation,24 Jun 2020 - 25 Jun 2020,"2,003",43,36,8, ,4
Redfield and Wilton Strategies,25 Jun 2020 - 25 Jun 2020,"2,000",44,38,7, ,4
Opinium/The Observer,25 Jun 2020 - 26 Jun 2020,"2,001",43,39,6, ,4
YouGov/The Times,26 Jun 2020 - 28 Jun 2020,"1,626",45,37,6,2,4
Redfield and Wilton Strategies/Election Maps UK,01 Jul 2020 - 01 Jul 2020,"2,000",42,38,8, ,5
Opinium/The Observer,01 Jul 2020 - 03 Jul 2020,"2,002",41,37,8, ,4
Deltapoll/The Mail on Sunday,02 Jul 2020 - 03 Jul 2020,"1,549",41,36,7,4,5
Survation,03 Jul 2020 - 06 Jul 2020,"1,012",44,37,7, ,4
Redfield and Wilton Strategies,08 Jul 2020 - 08 Jul 2020,"2,000",44,39,7, ,4
YouGov/The Times,08 Jul 2020 - 09 Jul 2020,"1,614",46,36,6,2,3
Deltapoll/The Mail on Sunday,09 Jul 2020 - 10 Jul 2020,"1,541",44,38,7,3,3
Opinium/The Observer,09 Jul 2020 - 10 Jul 2020,"2,002",42,38,6, ,4
Survation,10 Jul 2020 - 12 Jul 2020,"2,022",42,36,8,1,5
Kantar Public,09 Jul 2020 - 13 Jul 2020,"1,131",45,35,9,2,2
Redfield and Wilton Strategies,15 Jul 2020 - 15 Jul 2020,"2,000",44,37,8, ,4
Opinium/The Observer,15 Jul 2020 - 17 Jul 2020,"2,003",44,36,6, ,4
SavantaComRes,17 Jul 2020 - 19 Jul 2020,"2,085",43,37,6,2,2
Redfield and Wilton Strategies,22 Jul 2020 - 22 Jul 2020,"2,000",44,36,8, ,5
Opinium/The Observer,23 Jul 2020 - 24 Jul 2020,"2,002",42,38,6, ,4
Redfield and Wilton Strategies,29 Jul 2020 - 29 Jul 2020,"2,000",43,38,7, ,4
Opinium/The Observer,30 Jul 2020 - 31 Jul 2020,"2,002",41,38,6, ,4
YouGov/The Times,30 Jul 2020 - 31 Jul 2020,"1,623",43,35,6,3,5
Survation,31 Jul 2020 - 03 Aug 2020,"1,019",44,35,8, ,5
Ipsos-MORI/Evening Standard,30 Jul 2020 - 04 Aug 2020,"1,019",45,37,6,1,5
YouGov/The Times,04 Aug 2020 - 05 Aug 2020,"1,606",42,36,8,2,5
YouGov/The Times,11 Aug 2020 - 12 Aug 2020,"1,634",44,35,5,3,5
Redfield and Wilton Strategies,12 Aug 2020 - 12 Aug 2020,"2,000",43,36,9, ,4
Opinium/The Observer,13 Aug 2020 - 14 Aug 2020,"2,005",42,39,5,3,3
SavantaComRes,14 Aug 2020 - 16 Aug 2020,"2,083",42,37,7,2,3
YouGov/The Times,18 Aug 2020 - 19 Aug 2020,"1,652",40,38,6,4,6
Redfield and Wilton Strategies,19 Aug 2020 - 19 Aug 2020,"2,000",44,37,7, ,4
Survation,21 Aug 2020 - 21 Aug 2020,"1,005",41,37,9,1,4
Redfield and Wilton Strategies,24 Aug 2020 - 24 Aug 2020,"2,000",42,37,9, ,5
YouGov/The Times,24 Aug 2020 - 25 Aug 2020,"1,669",43,36,6,3,4
Opinium/The Observer,26 Aug 2020 - 28 Aug 2020,"2,002",40,40,6,2,3
Redfield and Wilton Strategies,01 Sep 2020 - 02 Sep 2020,"2,500",43,37,8, ,4
Survation,02 Sep 2020 - 04 Sep 2020,"1,047",40,38,8,1,4
YouGov,03 Sep 2020 - 04 Sep 2020,"1,633",43,37,6,3,4
Number Cruncher Politics/Bloomberg,04 Sep 2020 - 08 Sep 2020,"1,001",42,38,6,2,5
YouGov/The Times,08 Sep 2020 - 09 Sep 2020,"1,615",42,37,6,3,4
Opinium/The Observer,09 Sep 2020 - 11 Sep 2020,"2,001",42,39,6,1,4
Redfield and Wilton Strategies,15 Sep 2020 - 16 Sep 2020,"2,500",41,39,8, ,5
Survation,15 Sep 2020 - 16 Sep 2020,"1,003",40,38,7,1,4
YouGov/The Times,16 Sep 2020 - 17 Sep 2020,"1,618",40,40,6,3,5
Ipsos-MORI/Evening Standard,11 Sep 2020 - 18 Sep 2020,"1,013",40,37,8,1,5
SavantaComRes,18 Sep 2020 - 20 Sep 2020,"2,109",40,37,8,3,3
Kantar,17 Sep 2020 - 21 Sep 2020,"1,125",40,38,9,3,4
Redfield and Wilton Strategies,22 Sep 2020 - 23 Sep 2020,"2,500",40,40,7, ,5
YouGov/The Times,23 Sep 2020 - 24 Sep 2020,"1,623",41,38,6,3,5
Opinium/The Observer,23 Sep 2020 - 25 Sep 2020,"2,002",39,42,5,4,4
Deltapoll/The Mail on Sunday,24 Sep 2020 - 25 Sep 2020,"1,583",42,38,6,3,4
YouGov/The Times,29 Sep 2020 - 30 Sep 2020,"1,700",39,39,6,4,5
Redfield and Wilton Strategies,30 Sep 2020 - 01 Oct 2020,"4,000",39,39,8, ,5
SavantaComRes,02 Oct 2020 - 04 Oct 2020,"2,081",42,39,7,2,3
Survation,05 Oct 2020 - 06 Oct 2020,"1,022",41,37,7,1,4
Redfield and Wilton Strategies,06 Oct 2020 - 07 Oct 2020,"3,000",41,39,8, ,4
YouGov/The Times,06 Oct 2020 - 07 Oct 2020,"1,673",41,38,5,3,6
Opinium/The Observer,08 Oct 2020 - 09 Oct 2020,"2,001",40,40,6,3,3
SavantaComRes,09 Oct 2020 - 11 Oct 2020,"2,123",39,39,7,3,4
YouGov/The Times,14 Oct 2020 - 15 Oct 2020,"1,675",39,38,6,5,6
Number Cruncher Politics/Peston,09 Oct 2020 - 17 Oct 2020,"2,088",41,38,5,4,6
SavantaComRes,16 Oct 2020 - 18 Oct 2020,"2,274",42,36,8,2,3
Redfield and Wilton Strategies,21 Oct 2020 - 21 Oct 2020,"3,000",40,40,7, ,4
YouGov/The Times,21 Oct 2020 - 22 Oct 2020,"1,665",40,39,7,3,5
Opinium/The Observer,22 Oct 2020 - 23 Oct 2020,"2,002",38,40,6,2,5
Deltapoll/The Mail on Sunday,22 Oct 2020 - 24 Oct 2020,"1,589",42,39,7,3,3
SavantaComRes,23 Oct 2020 - 26 Oct 2020,"2,111",42,39,7,2,3
Ipsos-MORI/Evening Standard,22 Oct 2020 - 28 Oct 2020,"1,007",37,42,8,1,5
Redfield and Wilton Strategies,28 Oct 2020 - 28 Oct 2020,"3,000",39,41,7, ,4
YouGov/The Times,28 Oct 2020 - 29 Oct 2020,"1,658",38,38,6,4,5
SavantaComRes,30 Oct 2020 - 02 Nov 2020,"2,126",40,40,7,2,3
YouGov/The Times,04 Nov 2020 - 05 Nov 2020,"1,665",35,40,7,6,4
Opinium/The Observer,05 Nov 2020 - 06 Nov 2020,"2,003",38,42,7,2,3
Survation,05 Nov 2020 - 06 Nov 2020,"1,034",39,37,9,2,4
Kantar,05 Nov 2020 - 09 Nov 2020,"1,141",40,36,8,2,5
SavantaComRes,06 Nov 2020 - 09 Nov 2020,"2,130",40,36,8,2,5
Redfield and Wilton Strategies,11 Nov 2020 - 11 Nov 2020,"2,500",40,40,7, ,5
YouGov/The Times,11 Nov 2020 - 12 Nov 2020,"1,632",38,40,5,4,5
SavantaComRes,13 Nov 2020 - 15 Nov 2020,"2,075",41,38,5,2,4
YouGov/The Times,17 Nov 2020 - 18 Nov 2020,"1,700",38,37,7,4,6
Redfield and Wilton Strategies,19 Nov 2020 - 19 Nov 2020,"2,500",40,39,8, ,4
Opinium/The Observer,19 Nov 2020 - 20 Nov 2020,"2,001",41,38,6,2,4
SavantaComRes,20 Nov 2020 - 22 Nov 2020,"1,272",39,37,7,3,4
YouGov/The Times,26 Nov 2020 - 27 Nov 2020,"1,696",37,40,5,5,5
Number Cruncher Politics,20 Nov 2020 - 28 Nov 2020,"1,001",39,37,7,4,5
Deltapoll/Daily Mail,26 Nov 2020 - 28 Nov 2020,"1,525",37,38,9,3,4
SavantaComRes,27 Nov 2020 - 29 Nov 2020,"1,428",39,38,8,3,3
Redfield and Wilton Strategies,02 Dec 2020 - 02 Dec 2020,"2,000",40,37,9, ,6
YouGov/The Times,02 Dec 2020 - 03 Dec 2020,"1,706",38,38,6,3,5
Opinium/The Observer,03 Dec 2020 - 04 Dec 2020,"2,002",38,40,6,3,3
Opinium/The Observer,27 Nov 2020 - 08 Dec 2020,"6,949",40.0,38.0, 6.0, , 4.0
YouGov/The Times,08 Dec 2020 - 09 Dec 2020,"1,699",37,37,8,5,6
Ipsos-MORI/Evening Standard,04 Dec 2020 - 10 Dec 2020,"1,027",41,41,6, ,5
Survation,04 Dec 2020 - 10 Dec 2020,"3,452",39,37,8,1,5
SavantaComRes,11 Dec 2020 - 13 Dec 2020,"1,295",38,37,8,4,5
Kantar Public,10 Dec 2020 - 14 Dec 2020,"1,137",38,37,10,3,3
YouGov/The Times,15 Dec 2020 - 16 Dec 2020,"1,898",39,37,6,4,6
Opinium/The Observer,16 Dec 2020 - 17 Dec 2020,"2,001",39,39,6,3,4
SavantaComRes/Daily Express,18 Dec 2020 - 21 Dec 2020,"1,433",41,39,8,2,4
YouGov/The Times,21 Dec 2020 - 22 Dec 2020,"1,713",37,41,5,4,5
Survation,22 Dec 2020 - 22 Dec 2020,"1,011",39,38,8,1,4
FocaldataÂ (MRP),04 Dec 2020 - 29 Dec 2020,"22,186",36.0,38.0, 9.0, 4.0, 7.0
Deltapoll/Daily Mirror,26 Dec 2020 - 30 Dec 2020,"1,608",43,38,4,3,5
YouGov/The Times,04 Jan 2021 - 05 Jan 2021,"1,704",39,39,6,3,6
Opinium/The Observer,06 Jan 2021 - 07 Jan 2021,"2,003",39,40,6,2,4
SavantaComRes,08 Jan 2021 - 10 Jan 2021,"1,550",40,37,8,2,4
Redfield and Wilton Strategies,11 Jan 2021 - 11 Jan 2021,"2,000",41,37,8,2,5
Survation,12 Jan 2021 - 13 Jan 2021,"1,033",40,38,7,1,5
YouGov/The Times,13 Jan 2021 - 14 Jan 2021,"1,702",38,39,5,3,6
Opinium/The Observer,14 Jan 2021 - 15 Jan 2021,"2,003",37,41,6,1,4
SavantaComRes,15 Jan 2021 - 17 Jan 2021,"1,914",39,37,7,2,3
Redfield and Wilton Strategies,18 Jan 2021 - 18 Jan 2021,"2,000",40,38,8,2,5
YouGov/The Times,21 Jan 2021 - 22 Jan 2021,"1,703",39,38,5,4,6
Deltapoll,21 Jan 2021 - 23 Jan 2021,"1,632",41,39,7,2,3
SavantaComRes,22 Jan 2021 - 24 Jan 2021,"2,070",40,37,8, ,3
Kantar Public,21 Jan 2021 - 25 Jan 2021,"1,100",40,37,10,2,5
Redfield and Wilton Strategies,25 Jan 2021 - 25 Jan 2021,"2,000",42,37,8,3,4
YouGov/The Times,26 Jan 2021 - 27 Jan 2021,"1,721",37,41,6,3,4
Opinium/The Observer,28 Jan 2021 - 29 Jan 2021,"2,002",41,38,7,1,4
SavantaComRes,29 Jan 2021 - 31 Jan 2021,"2,288",41,38,6,2,3
Number Cruncher Politics/ITV,25 Jan 2021 - 01 Feb 2021,"2,001",43,37,5,3,5
Redfield and Wilton Strategies,01 Feb 2021 - 01 Feb 2021,"2,000",40,38,8,3,4
YouGov/The Times,02 Feb 2021 - 03 Feb 2021,"1,684",41,37,6,3,6
Ipsos-MORI/Evening Standard,29 Jan 2021 - 04 Feb 2021,"1,056",42,38,7, ,8
Survation,05 Feb 2021 - 06 Feb 2021,"1,003",39,33,9, ,7
SavantaComRes,05 Feb 2021 - 07 Feb 2021,"2,119",41,37,8,2,4
Redfield and Wilton Strategies,08 Feb 2021 - 08 Feb 2021,"2,000",43,38,7,2,4
YouGov/The Times,09 Feb 2021 - 10 Feb 2021,"1,660",41,36,6,3,7
Opinium/The Observer,11 Feb 2021 - 12 Feb 2021,"2,006",42,37,6, ,5
SavantaComRes,12 Feb 2021 - 14 Feb 2021,"2,170",42,37,7,2,3
Redfield and Wilton Strategies,15 Feb 2021 - 15 Feb 2021,"2,000",41,39,8,2,5
YouGov/The Times,17 Feb 2021 - 18 Feb 2021,"1,663",40,37,7,3,6
SavantaComRes,19 Feb 2021 - 21 Feb 2021,"2,189",40,38,7,3,3
Kantar Public,18 Feb 2021 - 22 Feb 2021,"1,114",40,33,11,3,6
Redfield and Wilton Strategies,22 Feb 2021 - 22 Feb 2021,"2,000",43,37,7,3,5
Deltapoll,24 Feb 2021 - 26 Feb 2021,"1,527",42,38,6,3,4
Opinium/The Observer,24 Feb 2021 - 26 Feb 2021,"2,003",43,36,7, ,4
Survation,23 Feb 2021 - 25 Feb 2021,"1,002",42,34,7, ,6
YouGov/The Times,25 Feb 2021 - 26 Feb 2021,"1,637",41,36,5,3,7
SavantaComRes,26 Feb 2021 - 28 Feb 2021,"2,182",43,36,7,3,3
Redfield and Wilton Strategies,01 Mar 2021 - 01 Mar 2021,"1,500",44,38,7,2,3
YouGov/The Times,03 Mar 2021 - 04 Mar 2021,"1,715",45,32,6,3,7
SavantaComRes,05 Mar 2021 - 07 Mar 2021,"2,129",42,36,8,3,4
Redfield and Wilton Strategies,08 Mar 2021 - 08 Mar 2021,"2,000",45,36,7,3,4
Survation/Sunday Mirror,09 Mar 2021 - 10 Mar 2021,"1,037",43,33,9,1,5
YouGov/The Times,09 Mar 2021 - 10 Mar 2021,"1,680",42,33,7,3,6
Ipsos-MORI/Evening Standard,05 Mar 2021 - 12 Mar 2021,"1,009",45,38,6, ,5
Opinium/The Observer,11 Mar 2021 - 12 Mar 2021,"2,001",43,37,6, ,4
SavantaComRes,12 Mar 2021 - 14 Mar 2021,"2,092",39,37,8,3,4
Redfield and Wilton Strategies,15 Mar 2021 - 15 Mar 2021,"2,000",43,36,7,3,5
Number Cruncher Politics,12 Mar 2021 - 16 Mar 2021,"1,001",42,37,7,2,5
BMG/The Independent,16 Mar 2021 - 19 Mar 2021,"1,498",39,37,9,3,6
YouGov/The Times,18 Mar 2021 - 19 Mar 2021,"1,692",43,34,5,3,7
Savanta ComRes,19 Mar 2021 - 21 Mar 2021,"2,098",42,38,6,2,3
Redfield and Wilton Strategies,22 Mar 2021 - 22 Mar 2021,"2,000",42,36,9,2,6
Opinium/The Observer,25 Mar 2021 - 26 Mar 2021,"2,002",41,37,6,1,5
YouGov/The Times,25 Mar 2021 - 26 Mar 2021,"1,742",42,32,8,3,7
Deltapoll/Mail on Sunday,25 Mar 2021 - 27 Mar 2021,"1,610",44,36,6,3,4
Kantar Public,25 Mar 2021 - 29 Mar 2021,"1,102",42,34,9,2,4
Redfield and Wilton Strategies,29 Mar 2021 - 29 Mar 2021,"2,000",44,36,7,2,4
YouGov/The Times,31 Mar 2021 - 01 Apr 2021,"1,736",42,34,7,3,6
SavantaComRes,02 Apr 2021 - 04 Apr 2021,"2,065",42,35,8,2,3
Redfield and Wilton Strategies,05 Apr 2021 - 05 Apr 2021,"2,000",44,34,9,2,5
YouGov/The Times,07 Apr 2021 - 08 Apr 2021,"1,708",41,34,6,3,6
Opinium/The Observer,08 Apr 2021 - 09 Apr 2021,"2,006",45,36,6, ,4
Deltapoll/The Mail on Sunday,08 Apr 2021 - 10 Apr 2021,"1,608",45,36,6,4,4
Survation,08 Apr 2021 - 10 Apr 2021,"1,009",43,35,8, ,4
SavantaComRes,09 Apr 2021 - 11 Apr 2021,"2,174",42,35,7,2,4
Redfield and Wilton Strategies,12 Apr 2021 - 12 Apr 2021,"2,000",43,36,7,3,5
YouGov,13 Apr 2021 - 14 Apr 2021,"1,689",43,29,8,3,8
SavantaComRes,16 Apr 2021 - 18 Apr 2021,"2,094",43,34,7,1,4
Survation,15 Apr 2021 - 19 Apr 2021,"1,008",40,34,9, ,7
Redfield and Wilton Strategies,19 Apr 2021 - 19 Apr 2021,"2,000",44,34,10,3,4
Ipsos-MORI/Evening Standard,16 Apr 2021 - 22 Apr 2021,"1,090",40,37,8,2,5
YouGov/The Times,21 Apr 2021 - 22 Apr 2021,"1,730",44,34,5,2,7
Opinium/The Observer,21 Apr 2021 - 23 Apr 2021,"2,000",44,33,7, ,5
SavantaComRes,23 Apr 2021 - 25 Apr 2021,"2,144",42,35,8,2,3
BMG/The Independent,22 Apr 2021 - 26 Apr 2021,"1,500",39,35,9,3,6
Kantar Public,22 Apr 2021 - 26 Apr 2021,"1,115",41,33,10,3,7
Redfield and Wilton Strategies,26 Apr 2021 - 26 Apr 2021,"2,000",44,34,8,3,4
YouGov/The Times,27 Apr 2021 - 28 Apr 2021,"1,803",44,33,7,3,7
Survation/Daily Mail,27 Apr 2021 - 29 Apr 2021,"1,077",39,38,9, ,6
Number Cruncher Politics,28 Apr 2021 - 29 Apr 2021,"1,001",43,34,5,2,7
Opinium/The Observer,28 Apr 2021 - 30 Apr 2021,"2,001",42,37,7, ,4
Focaldata/The Sunday Times,29 Apr 2021 - 30 Apr 2021,"1,555",40,39,6, ,3
Redfield and Wilton Strategies,03 May 2021 - 03 May 2021,"2,000",40,38,7,3,5
Panelbase,04 May 2021 - 05 May 2021,"1,003",45,36,6, ,5
YouGov/The Times,04 May 2021 - 05 May 2021,"1,683",43,33,7,3,6
SavantaComRes,07 May 2021 - 09 May 2021,"2,152",42,34,8,2,4
Redfield and Wilton Strategies,10 May 2021 - 10 May 2021,"2,000",45,34,8,2,5
YouGov/The Times,11 May 2021 - 12 May 2021,"1,647",45,30,7,2,8
Opinium/The Observer,13 May 2021 - 14 May 2021,"2,004",44,31,8, ,7
Find Out Now/The Sunday Telegraph,13 May 2021 - 15 May 2021,"14,715",43.0,30.0,11.0, 2.0, 9.0
SavantaComRes,14 May 2021 - 16 May 2021,"2,131",43,32,8,2,5
Redfield and Wilton Strategies,17 May 2021 - 17 May 2021,"2,000",42,33,10,2,6
YouGov/The Times,19 May 2021 - 20 May 2021,"1,699",46,28,8,2,8
SavantaComRes,21 May 2021 - 23 May 2021,"2,215",43,34,9,2,4
Redfield and Wilton Strategies,24 May 2021 - 24 May 2021,"2,000",43,33,10,3,5
Survation,25 May 2021 - 26 May 2021,"1,041",44,33,8, ,6
Number Cruncher Politics,27 May 2021 - 28 May 2021,"1,001",44,32,7,2,8
Opinium/The Observer,27 May 2021 - 28 May 2021,"2,004",42,36,6,1,5
Survation/Daily Mail,27 May 2021 - 28 May 2021,"1,010",43,33,10, ,5
YouGov/The Times,27 May 2021 - 28 May 2021,"1,000",43,29,8,3,8
Redfield and Wilton Strategies,31 May 2021 - 31 May 2021,"2,000",45,34,8,3,5
Survation,01 Jun 2021 - 02 Jun 2021,"1,533",41,33,9, ,6
Ipsos-MORI/Evening Standard,28 May 2021 - 03 Jun 2021,"1,002",44,35,6, ,7
YouGov/The Times,02 Jun 2021 - 03 Jun 2021,"1,703",46,30,6,2,9
SavantaComRes,04 Jun 2021 - 06 Jun 2021,"2,089",44,32,8,2,5
Kantar Public,03 Jun 2021 - 07 Jun 2021,"1,122",45,32,8,2,6
Redfield and Wilton Strategies,07 Jun 2021 - 07 Jun 2021,"2,000",43,36,7,1,5
Survation,09 Jun 2021 - 10 Jun 2021,"2,017",42,35,9, ,5
YouGov/The Times,09 Jun 2021 - 10 Jun 2021,"1,630",44,31,7,2,9
Opinium/The Observer,10 Jun 2021 - 11 Jun 2021,"2,002",43,34,6, ,7
Deltapoll/Mail on Sunday,10 Jun 2021 - 12 Jun 2021,"1,608",46,34,7,2,5
SavantaComRes,11 Jun 2021 - 13 Jun 2021,"2,108",41,34,8,2,6
Redfield and Wilton Strategies,13 Jun 2021 - 13 Jun 2021,"2,000",44,34,9,2,5
Number Cruncher Politics,07 Jun 2021 - 14 Jun 2021,"1,517",45,34,5,3,7
Survation,11 Jun 2021 - 15 Jun 2021,"2,024",41,33,8, ,7
YouGov/The Times,16 Jun 2021 - 17 Jun 2021,"1,642",45,31,6,4,7
Deltapoll,17 Jun 2021 - 20 Jun 2021,"2,343",41,35,10,2,5
SavantaComRes,18 Jun 2021 - 20 Jun 2021,"2,191",44,30,10,1,5
Redfield and Wilton Strategies,21 Jun 2021 - 21 Jun 2021,"2,000",44,33,10,3,4
YouGov/The Times,23 Jun 2021 - 24 Jun 2021,"1,758",42,30,9,4,7
Opinium/The Observer,23 Jun 2021 - 25 Jun 2021,"2,000",43,35,7, ,5
Savanta ComRes,25 Jun 2021 - 27 Jun 2021,"2,148",42,33,9,2,5
Redfield and Wilton Strategies,28 Jun 2021 - 28 Jun 2021,"2,000",41,34,9,3,5
Ipsos-MORI/Evening Standard,02 Jul 2021 - 08 Jul 2021,"1,053",40,31,13, ,6
YouGov/The Times,07 Jul 2021 - 08 Jul 2021,"2,054",42,30,9,2,7
Opinium/The Observer,08 Jul 2021 - 09 Jul 2021,"2,001",43,35,6, ,6
SavantaComRes,09 Jul 2021 - 11 Jul 2021,"2,137",40,35,9, ,6
Kantar Public,07 Jul 2021 - 12 Jul 2021,"1,057",44,31,12,1,4
Redfield and Wilton Strategies,12 Jul 2021 - 12 Jul 2021,"2,000",41,33,12,3,6
Survation,05 Jul 2021 - 13 Jul 2021,"2,119",43,32,9, ,6
YouGov/The Times,15 Jul 2021 - 16 Jul 2021,"1,761",44,31,8,3,6
SavantaComRes,16 Jul 2021 - 18 Jul 2021,"1,000",41,34,8, ,5
Redfield and Wilton Strategies,19 Jul 2021 - 19 Jul 2021,"2,000",42,33,10,3,5
Survation,19 Jul 2021 - 20 Jul 2021,"1,032",39,35,11, ,5
YouGov/The Times,20 Jul 2021 - 21 Jul 2021,"1,667",38,34,9,3,8
Opinium/The Observer,22 Jul 2021 - 23 Jul 2021,"2,000",43,35,8, ,5
Survation,23 Jul 2021 - 23 Jul 2021,"1,013",39,37,10, ,5
SavantaComRes,23 Jul 2021 - 25 Jul 2021,"2,161",40,34,10, ,4
Redfield and Wilton Strategies,25 Jul 2021 - 25 Jul 2021,"2,000",40,36,9,4,6
Deltapoll,23 Jul 2021 - 26 Jul 2021,"1,590",42,37,6,2,6
YouGov/The Times,28 Jul 2021 - 29 Jul 2021,"1,637",39,34,8,3,9
SavantaComRes,30 Jul 2021 - 01 Aug 2021,"2,100",40,34,10, ,6
Redfield and Wilton Strategies,02 Aug 2021 - 02 Aug 2021,"2,000",41,34,11,3,6
Opinium/The Observer,05 Aug 2021 - 06 Aug 2021,"2,000",42,35,7, ,5
YouGov/The Times,05 Aug 2021 - 06 Aug 2021,"1,730",41,33,8,3,7
SavantaComRes,06 Aug 2021 - 08 Aug 2021,"2,047",41,33,10,2,4
Ipsos-MORI/Evening Standard,30 Jul 2021 - 09 Aug 2021,"1,113",41,30,13, ,8
Redfield and Wilton Strategies,09 Aug 2021 - 09 Aug 2021,"2,000",40,37,9,3,6
YouGov/The Times,11 Aug 2021 - 12 Aug 2021,"2,169",40,32,9,2,7
SavantaComRes,13 Aug 2021 - 15 Aug 2021,"2,075",41,34,9, ,4
Redfield and Wilton Strategies,16 Aug 2021 - 16 Aug 2021,"2,000",40,36,10,3,5
YouGov/The Times,17 Aug 2021 - 18 Aug 2021,"1,703",40,32,9,3,8
Opinium/The Observer,19 Aug 2021 - 20 Aug 2021,"2,003",39,36,8, ,6
SavantaComRes,20 Aug 2021 - 22 Aug 2021,"2,083",41,34,9, ,4
Kantar Public,19 Aug 2021 - 23 Aug 2021,"1,094",37,34,14,2,5
Redfield and Wilton Strategies,23 Aug 2021 - 23 Aug 2021,"2,000",43,33,10,3,6
Redfield and Wilton Strategies,29 Aug 2021 - 29 Aug 2021,"2,000",41,33,9,4,5
Deltapoll/The Sun on Sunday,02 Sep 2021 - 03 Sep 2021,"1,589",41,33,9,3,7
Opinium/The Observer,02 Sep 2021 - 03 Sep 2021,"2,014",40,35,7, ,6
YouGov/The Times,02 Sep 2021 - 03 Sep 2021,"1,653",38,34,8,3,10
SavantaComRes,03 Sep 2021 - 05 Sep 2021,"2,087",40,36,9, ,4
Redfield and Wilton Strategies,06 Sep 2021 - 06 Sep 2021,"2,000",41,32,11,4,6
Find Out NowÂ (MRP)/The Sunday Telegraph,06 Sep 2021 - 08 Sep 2021,"10,673",37.0,33.0,12.0, 4.0, 8.0
YouGov/The Times,08 Sep 2021 - 09 Sep 2021,"1,657",33,35,10,5,9
Opinium/The Observer,09 Sep 2021 - 11 Sep 2021,"2,059",38,38,8, ,6
SavantaComRes,10 Sep 2021 - 12 Sep 2021,"2,097",39,35,9,3,6
Redfield and Wilton Strategies,13 Sep 2021 - 13 Sep 2021,"2,000",39,35,9,5,6
Survation,10 Sep 2021 - 14 Sep 2021,"2,164",40,36,9, ,5
Panelbase,09 Sep 2021 - 16 Sep 2021,"3,938",41,36,10, ,5
YouGov/The Times,15 Sep 2021 - 16 Sep 2021,"1,635",39,35,7,3,7
Opinium/The Observer,16 Sep 2021 - 17 Sep 2021,"2,000",40,37,7, ,6
SavantaComRes,17 Sep 2021 - 19 Sep 2021,"2,112",40,35,9, ,5
Redfield and Wilton Strategies,20 Sep 2021 - 20 Sep 2021,"2,000",41,35,8,3,7
Survation,21 Sep 2021 - 22 Sep 2021,"1,060",40,35,8, ,4
YouGov/The Times,22 Sep 2021 - 23 Sep 2021,"1,690",39,32,10,3,9
Redfield and Wilton Strategies,27 Sep 2021 - 27 Sep 2021,"2,000",41,35,10,3,5
YouGov/The Times,28 Sep 2021 - 29 Sep 2021,"1,833",39,31,8,4,9
Survation,29 Sep 2021 - 29 Sep 2021,"1,001",41,36,8, ,5
Opinium/The Observer,29 Sep 2021 - 01 Oct 2021,"2,004",39,35,8, ,6
SavantaComRes,01 Oct 2021 - 03 Oct 2021,"2,095",40,35,9, ,4
Redfield and Wilton Strategies,04 Oct 2021 - 04 Oct 2021,"2,000",40,37,10,3,4
YouGov/The Times,05 Oct 2021 - 06 Oct 2021,"1,667",39,31,9,4,9
Survation/Sunday Mirror,06 Oct 2021 - 07 Oct 2021,"1,040",39,35,9,3,5
SavantaComRes,08 Oct 2021 - 10 Oct 2021,"2,103",40,35,8, ,5
Redfield and Wilton Strategies,11 Oct 2021 - 11 Oct 2021,"2,000",40,36,9,4,6
YouGov/The Times,12 Oct 2021 - 13 Oct 2021,"1,659",41,31,9,4,8
Deltapoll/The Mail on Sunday,13 Oct 2021 - 15 Oct 2021,"3,043",38,37,9,2,6
Opinium/The Observer,13 Oct 2021 - 15 Oct 2021,"2,000",41,37,7, ,5
SavantaComRes,15 Oct 2021 - 17 Oct 2021,"2,092",40,35,8, ,5
Number Cruncher Politics,11 Oct 2021 - 18 Oct 2021,"1,000",40,32,6,3,9
Kantar Public,14 Oct 2021 - 18 Oct 2021,"1,075",39,34,8,2,8
Redfield and Wilton Strategies,18 Oct 2021 - 18 Oct 2021,"2,000",40,37,9,3,5
YouGov/The Times,20 Oct 2021 - 21 Oct 2021,"1,677",37,33,9,4,10
SavantaComRes,22 Oct 2021 - 24 Oct 2021,"2,092",37,35,8,4,7
Redfield and Wilton Strategies,25 Oct 2021 - 25 Oct 2021,"2,000",39,36,10,4,6
YouGov/The Times,27 Oct 2021 - 28 Oct 2021,"1,699",39,33,8,3,10
Opinium/The Observer,27 Oct 2021 - 29 Oct 2021,"2,001",40,35,8, ,7
SavantaComRes,29 Oct 2021 - 31 Oct 2021,"2,242",40,35,9,3,4
Redfield and Wilton Strategies,01 Nov 2021 - 01 Nov 2021,"2,000",40,35,10,3,6
Ipsos-MORI/Evening Standard,29 Oct 2021 - 04 Nov 2021,"1,007",35,36,9,1,11
YouGov/The Times,03 Nov 2021 - 04 Nov 2021,"1,699",36,35,8,5,9
Deltapoll,03 Nov 2021 - 05 Nov 2021,"1,560",40,37,8,2,6
Opinium/The Observer,05 Nov 2021 - 06 Nov 2021,"1,175",37,36,9, ,6
SavantaComRes,05 Nov 2021 - 07 Nov 2021,"2,242",38,35,10,3,4
Find Out Now/Daily Telegraph,05 Nov 2021 - 08 Nov 2021,"10,700",36.0,35.0,11.0, 2.0, 8.0
Redfield and Wilton Strategies,08 Nov 2021 - 08 Nov 2021,"2,000",37,36,10,5,6
Redfield and Wilton Strategies,10 Nov 2021 - 10 Nov 2021,"1,500",36,38,10,3,6
YouGov/The Times,10 Nov 2021 - 11 Nov 2021,"1,696",35,35,8,4,10
Opinium/The Observer,10 Nov 2021 - 12 Nov 2021,"1,175",36,37,9, ,7
SavantaComRes/Daily Mail,11 Nov 2021 - 12 Nov 2021,"2,019",34,40,10,3,5
Survation/38 Degrees,11 Nov 2021 - 15 Nov 2021,"3,108",37,37,10,2,4
Redfield and Wilton Strategies,15 Nov 2021 - 15 Nov 2021,"2,000",36,37,10,4,5
YouGov/The Times,17 Nov 2021 - 18 Nov 2021,"1,800",36,34,7,5,10
Panelbase,10 Nov 2021 - 19 Nov 2021,"3,888",38,39,9, ,6
SavantaComRes,19 Nov 2021 - 21 Nov 2021,"2,184",36,38,10,3,5
Redfield and Wilton Strategies,21 Nov 2021 - 21 Nov 2021,"2,000",37,37,9,3,6
Kantar Public,18 Nov 2021 - 22 Nov 2021,"1,119",39,36,10,2,5
YouGov/The Times,24 Nov 2021 - 25 Nov 2021,"1,692",36,35,7,6,8
Opinium/The Observer,24 Nov 2021 - 26 Nov 2021,"1,990",36,38,8, ,6
Redfield and Wilton Strategies,29 Nov 2021 - 29 Nov 2021,"2,000",38,36,10,4,6
Find Out Now/Daily Telegraph,29 Nov 2021 - 01 Dec 2021,"10,272",36.0,35.0,11.0, 3.0, 8.0
Survation,30 Nov 2021 - 01 Dec 2021,"1,060",36,39,9,3,3
YouGov/The Times,01 Dec 2021 - 02 Dec 2021,"1,708",36,33,9,6,9
Deltapoll,02 Dec 2021 - 04 Dec 2021,"1,553",37,38,10,2,5
Savanta ComRes,03 Dec 2021 - 05 Dec 2021,"2,232",38,37,9,2,5
Redfield and Wilton Strategies,06 Dec 2021 - 06 Dec 2021,"2,000",38,36,9,4,6
Redfield and Wilton Strategies,08 Dec 2021 - 08 Dec 2021,"1,500",34,38,11,5,6
Survation/Daily Mirror,08 Dec 2021 - 09 Dec 2021,"1,178",34,40,10,3,4
YouGov/The Times,08 Dec 2021 - 09 Dec 2021,"1,686",33,37,9,6,7
Focaldata/Times Radio,09 Dec 2021 - 09 Dec 2021,"1,001",33,41,7,6,6
Ipsos-MORI/Evening Standard,03 Dec 2021 - 10 Dec 2021,"1,005",34,39,11,2,7
Opinium/The Observer,08 Dec 2021 - 10 Dec 2021,"2,042",32,41,9, ,5
Savanta ComRes/Daily Mail,09 Dec 2021 - 10 Dec 2021,"2,118",33,39,9,4,4
YouGov/The Times,09 Dec 2021 - 10 Dec 2021,"1,741",32,40,8,7,7
Survation/GMB,10 Dec 2021 - 11 Dec 2021,"1,218",32,39,9,4,5
YouGov/Fabian Society,08 Dec 2021 - 13 Dec 2021,"3,380",31,38,8,6,8
Kantar Public,09 Dec 2021 - 13 Dec 2021,"1,074",34,38,11,3,7
Redfield and Wilton Strategies,13 Dec 2021 - 13 Dec 2021,"2,000",32,37,11,7,7
Find Out Now-Electoral Calculus/The Telegraph,14 Dec 2021 - 15 Dec 2021,"1,017",30,38,10,7,10
YouGov/The Times,14 Dec 2021 - 15 Dec 2021,"1,714",32,37,10,6,7
Savanta ComRes/The Daily Express,16 Dec 2021 - 16 Dec 2021,"2,139",34,38,10,4,4
Savanta ComRes,17 Dec 2021 - 19 Dec 2021,"2,096",32,37,13, ,5
YouGov/The Times,19 Dec 2021 - 20 Dec 2021,"1,790",30,36,12,5,8
Redfield and Wilton Strategies,20 Dec 2021 - 20 Dec 2021,"2,000",31,39,13,5,6
Focaldata/The Times,01 Dec 2021 - 21 Dec 2021,"24,373",32.0,40.0,10.0, 6.0, 7.0
Focaldata,20 Dec 2021 - 21 Dec 2021,"1,008",34,41,9,4,4
Survation/38 Degrees,22 Dec 2021 - 22 Dec 2021,"10,000",35.0,41.0, 9.0, , 5.0
Opinium/The Observer,21 Dec 2021 - 23 Dec 2021,"1,216",32,39,11, ,6
Deltapoll/The Mail on Sunday,23 Dec 2021 - 30 Dec 2021,"1,567",35,40,10,3,4
Redfield and Wilton Strategies,03 Jan 2022 - 03 Jan 2022,"2,000",35,38,10,4,5
Opinium/The Observer,05 Jan 2022 - 07 Jan 2022,"1,326",34,39,11, ,5
YouGov/The Times,06 Jan 2022 - 07 Jan 2022,"1,744",33,37,10,5,6
Savanta ComRes,07 Jan 2022 - 09 Jan 2022,"2,207",33,37,11, ,4
Redfield and Wilton Strategies,10 Jan 2022 - 10 Jan 2022,"2,000",35,39,12,4,5
YouGov/The Times,11 Jan 2022 - 12 Jan 2022,"1,666",28,38,13,4,7
Focaldata,12 Jan 2022 - 13 Jan 2022,"1,003",33,42,11,3,4
YouGov/The Times,12 Jan 2022 - 13 Jan 2022,"1,690",29,40,11,6,6
Find Out Now/Electoral Calculus,13 Jan 2022 - 13 Jan 2022,"2,128",27,41,11,5,8
Opinium/The Observer,12 Jan 2022 - 14 Jan 2022,"1,271",31,41,9, ,6
Savanta ComRes,13 Jan 2022 - 14 Jan 2022,"2,151",32,42,11, ,4
YouGov/The Times,13 Jan 2022 - 14 Jan 2022,"1,683",31,39,11,5,6
Deltapoll,12 Jan 2022 - 16 Jan 2022,"4,292",32,41,11,2,5
Savanta ComRes,14 Jan 2022 - 16 Jan 2022,"2,151",32,41,11, ,4
Survation/38 Degrees,14 Jan 2022 - 17 Jan 2022,"2,036",33,43,10,2,3
Redfield and Wilton Strategies,17 Jan 2022 - 17 Jan 2022,"2,000",30,43,9,4,7
YouGov/The Times,20 Jan 2022 - 21 Jan 2022,"1,668",32,39,8,4,8
Savanta ComRes,21 Jan 2022 - 23 Jan 2022,"2,095",32,40,11,3,4
Kantar,20 Jan 2022 - 24 Jan 2022,"1,086",34,38,11,2,7
Redfield and Wilton Strategies,24 Jan 2022 - 24 Jan 2022,"2,000",34,41,11,3,5
Ipsos-MORI/Evening Standard,19 Jan 2022 - 25 Jan 2022,"1,059",31,40,13,1,9
Survation/Daily Mail,25 Jan 2022 - 25 Jan 2022,"1,117",35,40,10,3,3
YouGov/The Times,26 Jan 2022 - 27 Jan 2022,"1,656",32,38,11,3,7
Opinium/Observer UK,27 Jan 2022 - 28 Jan 2022,"1,356",34,39,9, ,5
Savanta ComRes,28 Jan 2022 - 30 Jan 2022,"2,283",33,44,9,3,3
Redfield and Wilton Strategies,31 Jan 2022 - 31 Jan 2022,"2,000",33,40,11,3,6
Techne UK,01 Feb 2022 - 02 Feb 2022,"1,631",32,40,10, ,6
YouGov/The Times,01 Feb 2022 - 02 Feb 2022,"1,661",32,41,10,4,6
Deltapoll/The Sun on Sunday,03 Feb 2022 - 04 Feb 2022,"1,587",34,41,10,2,5
Savanta ComRes,04 Feb 2022 - 06 Feb 2022,"2,232",33,42,9,3,5
Redfield and Wilton Strategies,07 Feb 2022 - 07 Feb 2022,"2,000",32,42,9,4,6
Techne UK,08 Feb 2022 - 09 Feb 2022,"1,631",33,41,9, ,6
Opinium/The Observer,09 Feb 2022 - 11 Feb 2022,"1,526",34,37,11, ,6
YouGov/The Times,10 Feb 2022 - 11 Feb 2022,"1,720",34,37,10,4,8
Savanta ComRes,11 Feb 2022 - 13 Feb 2022,"2,226",32,41,11,3,4
Redfield and Wilton Strategies,14 Feb 2022 - 14 Feb 2022,"2,000",33,38,11,5,6
Techne UK,16 Feb 2022 - 17 Feb 2022,"1,625",34,39,10, ,6
YouGov/The Times,16 Feb 2022 - 17 Feb 2022,"1,720",34,38,10,4,6
Savanta ComRes/The Independent,18 Feb 2022 - 20 Feb 2022,"2,201",33,40,11, ,5
Kantar Public,17 Feb 2022 - 21 Feb 2022,"1,090",34,39,12,2,6
Survation,17 Feb 2022 - 21 Feb 2022,"2,050",35,42,9,2,3
Redfield and Wilton Strategies,21 Feb 2022 - 21 Feb 2022,"2,000",33,39,11,4,7
Techne UK,23 Feb 2022 - 24 Feb 2022,"1,635",35,39,9, ,6
Opinium/The Observer,23 Feb 2022 - 25 Feb 2022,"2,068",34,38,11, ,6
YouGov/The Times,24 Feb 2022 - 25 Feb 2022,"1,741",34,39,9,5,6
Savanta ComRes,25 Feb 2022 - 27 Feb 2022,"2,208",34,42,9,3,3
Number Cruncher Politics/ITV,21 Feb 2022 - 28 Feb 2022,"2,001",35,42,8,2,6
Redfield and Wilton Strategies,28 Feb 2022 - 28 Feb 2022,"2,000",35,38,12,4,5
Techne UK,02 Mar 2022 - 03 Mar 2022,"1,631",35,38,10, ,6
YouGov/The Times,03 Mar 2022 - 04 Mar 2022,"1,658",35,37,7,5,8
Savanta ComRes,04 Mar 2022 - 06 Mar 2022,"2,222",34,41,9,3,4
Redfield and Wilton Strategies,07 Mar 2022 - 07 Mar 2022,"2,000",37,40,10,2,5
YouGov/The Times,08 Mar 2022 - 09 Mar 2022,"1,700",33,39,10,4,7
Techne,09 Mar 2022 - 10 Mar 2022,"1,641",36,38,9, ,6
Deltapoll,08 Mar 2022 - 11 Mar 2022,"2,003",34,40,10,2,5
Opinium/The Observer,09 Mar 2022 - 11 Mar 2022,"2,007",35,37,9, ,7
SavantaComRes,11 Mar 2022 - 13 Mar 2022,"2,192",35,40,9, ,3
Redfield and Wilton Strategies,13 Mar 2022 - 13 Mar 2022,"2,000",36,39,10,4,6
Ipsos-MORI/Evening Standard,09 Mar 2022 - 16 Mar 2022,"1,000",35,39,10, ,7
Techne,16 Mar 2022 - 17 Mar 2022,"1,636",35,39,10, ,6
YouGov/The Times,16 Mar 2022 - 17 Mar 2022,"1,761",33,39,10,4,7
Redfield and Wilton Strategies,20 Mar 2022 - 20 Mar 2022,"2,000",35,40,11,2,7
Kantar Public,17 Mar 2022 - 21 Mar 2022,"1,042",36,36,12,3,6
YouGov,22 Mar 2022 - 23 Mar 2022,"1,810",35,36,9,5,8
Techne,23 Mar 2022 - 24 Mar 2022,"1,641",35,40,10, ,5
YouGov,23 Mar 2022 - 24 Mar 2022,"1,759",35,37,10,4,7
Opinium/The Observer,23 Mar 2022 - 25 Mar 2022,"2,002",36,38,9, ,7
Redfield and Wilton Strategies,27 Mar 2022 - 27 Mar 2022,"2,000",35,37,9,5,5
Survation,28 Mar 2022 - 30 Mar 2022,"2,033",35,42,9,2,3
YouGov/The Times,29 Mar 2022 - 30 Mar 2022,"2,006",33,37,9,5,6
TechneUK,30 Mar 2022 - 31 Mar 2022,"1,639",36,39,9, ,5
SavantaComRes,01 Apr 2022 - 03 Apr 2022,"2,220",33,40,11,3,4
Redfield and Wilton Strategies,03 Apr 2022 - 03 Apr 2022,"2,000",36,42,9,3,4
TechneUK,06 Apr 2022 - 07 Apr 2022,"1,635",35,40,10, ,4
YouGov/The Times,06 Apr 2022 - 07 Apr 2022,"1,826",34,37,10,4,7
Opinium/The Observer,06 Apr 2022 - 08 Apr 2022,"2,004",34,38,10, ,7
SavantaComRes,08 Apr 2022 - 10 Apr 2022,"2,145",34,40,9,3,4
Redfield and Wilton Strategies,10 Apr 2022 - 10 Apr 2022,"2,000",34,42,8,4,5
Kantar Public,07 Apr 2022 - 11 Apr 2022,"1,152",34,37,11,4,7
TechneUK,12 Apr 2022 - 13 Apr 2022,"1,628",34,41,9, ,5
Deltapoll/Mail on Sunday,13 Apr 2022 - 14 Apr 2022,"1,550",32,43,9,2,6
YouGov/The Times,13 Apr 2022 - 14 Apr 2022,"1,960",33,38,10,5,7
Redfield and Wilton Strategies,17 Apr 2022 - 17 Apr 2022,"2,000",34,42,10,3,5
YouGov/The Times,19 Apr 2022 - 20 Apr 2022,"2,079",33,39,9,3,8
TechneUK,20 Apr 2022 - 21 Apr 2022,"1,631",34,40,10, ,5
Opinium/The Observer,20 Apr 2022 - 22 Apr 2022,"2,002",34,36,10, ,8
Redfield and Wilton Strategies,24 Apr 2022 - 24 Apr 2022,"2,000",34,42,11,4,4
SavantaComRes,22 Apr 2022 - 24 Apr 2022,"2,231",34,40,11,3,3
Opinium,14 Apr 2022 - 26 Apr 2022,"4,000",35,37,10, ,7
Survation,22 Apr 2022 - 26 Apr 2022,"2,587",33,42,9,2,4
YouGov/The Times,26 Apr 2022 - 27 Apr 2022,"1,779",33,39,11,3,6
Ipsos-MORI,20 Apr 2022 - 28 Apr 2022,"1,006",35,40,10,1,7
Techne UK,27 Apr 2022 - 28 Apr 2022,"1,633",35,40,9, ,6
SavantaComRes,29 Apr 2022 - 01 May 2022,"2,236",35,41,9,3,4
Redfield and Wilton Strategies,01 May 2022 - 01 May 2022,"2,000",33,41,12,3,5
Techne UK,04 May 2022 - 05 May 2022,"1,635",34,40,10, ,5
YouGov/The Times,05 May 2022 - 06 May 2022,"1,707",35,36,10,3,8
SavantaComRes,06 May 2022 - 08 May 2022,"2,161",34,39,11,3,3
Redfield and Wilton Strategies,08 May 2022 - 08 May 2022,"2,000",33,39,12,2,7
YouGov/The Times,10 May 2022 - 11 May 2022,"1,990",33,38,12,3,6
Techne UK,11 May 2022 - 12 May 2022,"1,634",34,39,11, ,6
Opinium/The Observer,11 May 2022 - 13 May 2022,"1,478",34,37,12, ,7
SavantaComRes,13 May 2022 - 15 May 2022,"2,196",34,41,10,2,4
Redfield and Wilton Strategies,15 May 2022 - 15 May 2022,"2,000",35,39,12,3,6
Ipsos-MORI,11 May 2022 - 17 May 2022,"1,013",33,39,12,1,5
Redfield and Wilton Strategies,18 May 2022 - 18 May 2022,"1,500",33,39,12,5,4
Techne UK,18 May 2022 - 19 May 2022,"1,635",35,39,10, ,6
YouGov/The Times,18 May 2022 - 19 May 2022,"1,692",31,39,12,4,7
Redfield and Wilton Strategies,22 May 2022 - 22 May 2022,"2,000",33,39,12,4,5
Kantar Public,19 May 2022 - 23 May 2022,"1,087",32,38,13,3,8
Redfield and Wilton Strategies,25 May 2022 - 25 May 2022,"1,500",31,40,14,3,5
Techne UK,26 May 2022 - 26 May 2022,"1,629",33,40,11, ,6
Opinium/The Observer,25 May 2022 - 27 May 2022,"1,513",33,36,11, ,8
SavantaComRes,27 May 2022 - 29 May 2022,"2,177",31,42,11,3,3
Redfield and Wilton Strategies,29 May 2022 - 29 May 2022,"2,000",36,43,10,3,5
Techne UK,31 May 2022 - 01 Jun 2022,"1,632",32,40,12, ,6
Redfield and Wilton Strategies,01 Jun 2022 - 01 Jun 2022,"2,000",33,39,12,4,6
YouGov/The Times,01 Jun 2022 - 03 Jun 2022,"2,000",32,36,12,4,8
Redfield and Wilton Strategies,05 Jun 2022 - 05 Jun 2022,"2,000",34,38,11,4,7
Redfield and Wilton Strategies,08 Jun 2022 - 09 Jun 2022,"2,000",32,40,13,4,5
YouGov/The Times,08 Jun 2022 - 09 Jun 2022,"1,727",32,39,11,3,7
Opinium/The Observer,08 Jun 2022 - 10 Jun 2022,"2,002",34,36,13, ,6
Survation,10 Jun 2022 - 10 Jun 2022,"2,053",34,41,10, ,3
Techne UK,10 Jun 2022 - 10 Jun 2022,"1,632",33,39,12, ,6
SavantaComRes,10 Jun 2022 - 12 Jun 2022,"2,237",34,40,10,2,4
Redfield and Wilton Strategies,12 Jun 2022 - 12 Jun 2022,"2,000",32,39,15,2,6
Redfield and Wilton Strategies,15 Jun 2022 - 15 Jun 2022,"2,000",34,42,12,3,4
Techne UK,15 Jun 2022 - 16 Jun 2022,"1,612",33,39,13, ,5
YouGov/The Times,15 Jun 2022 - 16 Jun 2022,"1,727",33,39,10,4,6
Savanta ComRes,17 Jun 2022 - 19 Jun 2022,"2,050",31,42,10,3,5
Redfield and Wilton Strategies,19 Jun 2022 - 19 Jun 2022,"2,000",33,40,13,5,5
Kantar Public,16 Jun 2022 - 20 Jun 2022,"1,141",34,36,13,4,5
Redfield and Wilton Strategies,22 Jun 2022 - 22 Jun 2022,"2,000",32,41,13,4,5
Techne UK,22 Jun 2022 - 23 Jun 2022,"1,630",32,38,14, ,6
Opinium/The Observer,22 Jun 2022 - 24 Jun 2022,"1,516",34,37,11, ,6
Savanta ComRes/Independent,24 Jun 2022 - 26 Jun 2022,"2,217",34,41,10, ,5
Redfield and Wilton Strategies,26 Jun 2022 - 26 Jun 2022,"2,000",33,41,15,3,4
YouGov/The Times,28 Jun 2022 - 29 Jun 2022,"1,671",33,36,13,3,6
Redfield and Wilton Strategies,29 Jun 2022 - 30 Jun 2022,"1,500",32,40,13,3,5
Techne UK,29 Jun 2022 - 30 Jun 2022,"1,632",33,39,13, ,5
BMG/The Independent,28 Jun 2022 - 01 Jul 2022,"1,521",32,42,11,4,4
Savanta ComRes,01 Jul 2022 - 03 Jul 2022,"2,106",32,41,11,4,3
Redfield and Wilton Strategies,03 Jul 2022 - 03 Jul 2022,"2,000",35,41,11,5,5
Survation,06 Jul 2022 - 06 Jul 2022,"1,052",31,45,11,2,3
YouGov/The Times,06 Jul 2022 - 07 Jul 2022,"1,687",29,40,15,3,6
Redfield and Wilton Strategies,07 Jul 2022 - 07 Jul 2022,"1,500",31,43,12,2,7
Techne,07 Jul 2022 - 07 Jul 2022,"1,644",29,41,14, ,6
Opinium/The Observer,06 Jul 2022 - 08 Jul 2022,"2,000",33,38,12, ,6
Savanta ComRes,08 Jul 2022 - 10 Jul 2022,"2,168",28,43,12,3,4
Redfield and Wilton Strategies,10 Jul 2022 - 10 Jul 2022,"2,000",31,42,12,5,5
JandL Partners/The Sunday Telegraph,12 Jul 2022 - 14 Jul 2022,"4,434",31,42,12,3,6
YouGov/The Times,13 Jul 2022 - 14 Jul 2022,"1,733",29,40,13,4,7
Techne,14 Jul 2022 - 14 Jul 2022,"1,645",31,40,13, ,6
Savanta ComRes,15 Jul 2022 - 17 Jul 2022,"1,980",30,43,11,3,4
Redfield and Wilton Strategies,17 Jul 2022 - 17 Jul 2022,"2,000",32,42,12,3,5
Kantar Public,14 Jul 2022 - 18 Jul 2022,"1,077",33,37,13,4,7
Redfield and Wilton Strategies,20 Jul 2022 - 21 Jul 2022,"1,500",35,44,9,3,5
Techne,21 Jul 2022 - 21 Jul 2022,"1,645",32,41,12, ,6
Opinium/The Observer,21 Jul 2022 - 22 Jul 2022,"2,001",34,37,13, ,7
YouGov/The Times,21 Jul 2022 - 22 Jul 2022,"1,692",32,39,12,4,8
Deltapoll/Mail on Sunday,21 Jul 2022 - 23 Jul 2022,"1,588",31,42,10,3,6
Redfield and Wilton Strategies,24 Jul 2022 - 24 Jul 2022,"2,000",34,40,12,3,5
Redfield and Wilton Strategies,27 Jul 2022 - 27 Jul 2022,"1,500",33,41,11,4,5
Techne,27 Jul 2022 - 28 Jul 2022,"1,645",33,40,12, ,6
YouGov/The Times,27 Jul 2022 - 28 Jul 2022,"1,797",34,35,13,3,7
Redfield and Wilton,31 Jul 2022 - 31 Jul 2022,"2,000",34,38,11,4,7
Techne,03 Aug 2022 - 04 Aug 2022,"1,630",34,39,13, ,5
Redfield and Wilton,04 Aug 2022 - 04 Aug 2022,"1,500",32,40,13,4,4
YouGov/The Times,04 Aug 2022 - 05 Aug 2022,"1,968",33,37,11,3,8
Opinium/The Observer,03 Aug 2022 - 08 Aug 2022,"2,010",34,37,12, ,6
Redfield and Wilton,08 Aug 2022 - 08 Aug 2022,"2,000",35,40,12,3,5
YouGov/The Times,09 Aug 2022 - 10 Aug 2022,"1,809",30,39,12,4,6
Techne,10 Aug 2022 - 12 Aug 2022,"1,641",35,39,12, ,5
Redfield and Wilton,14 Aug 2022 - 14 Aug 2022,"2,000",34,41,12,3,5
YouGov/The Times,16 Aug 2022 - 17 Aug 2022,"1,696",28,43,11,4,7
BMG,16 Aug 2022 - 18 Aug 2022,"2,091",32,42,11,3,4
Opinium/The Observer,18 Aug 2022 - 19 Aug 2022,"1,527",31,39,10, ,7
Redfield and Wilton,21 Aug 2022 - 21 Aug 2022,"2,000",31,43,13,3,5
Deltapoll,19 Aug 2022 - 22 Aug 2022,"1,591",31,43,11,2,6
Redfield and Wilton,24 Aug 2022 - 25 Aug 2022,"1,500",33,42,12,2,5
Techne,24 Aug 2022 - 25 Aug 2022,"1,630",33,41,11, ,6
Redfield and Wilton,28 Aug 2022 - 28 Aug 2022,"2,000",33,42,13,4,4
Deltapoll/The Mirror,26 Aug 2022 - 30 Aug 2022,"1,600",31,44,12,2,4
PeoplePolling/GB News,30 Aug 2022 - 30 Aug 2022,"1,203",25,42,10,4,7
Redfield and Wilton,31 Aug 2022 - 31 Aug 2022,"2,000",31,42,12,3,7
Survation,31 Aug 2022 - 31 Aug 2022,"1,013",33,43,11,5,3
YouGov/The Times,31 Aug 2022 - 01 Sep 2022,"1,711",28,43,11,3,6
Deltapoll,31 Aug 2022 - 02 Sep 2022,"1,573",31,42,10,3,6
Opinium/The Observer,01 Sep 2022 - 02 Sep 2022,"1,516",34,38,12, ,6
Techne,01 Sep 2022 - 02 Sep 2022,"1,628",32,42,12, ,5
Redfield and Wilton,04 Sep 2022 - 04 Sep 2022,"2,000",31,43,12,3,6
YouGov/The Times,06 Sep 2022 - 07 Sep 2022,"1,688",29,44,10,3,7
PeoplePolling/GB News,07 Sep 2022 - 07 Sep 2022,"1,162",28,40,9,4,7
Redfield and Wilton,07 Sep 2022 - 07 Sep 2022,"2,000",30,42,14,2,6
Techne,07 Sep 2022 - 08 Sep 2022,"1,628",34,42,11, ,4
Savanta ComRes/Daily Mail,11 Sep 2022 - 11 Sep 2022,"2,272",35,42,10,3,3
Deltapoll,09 Sep 2022 - 12 Sep 2022,"1,573",32,44,9,2,4
YouGov/The Times,11 Sep 2022 - 12 Sep 2022,"1,727",32,42,10,2,7
PeoplePolling/GB News,13 Sep 2022 - 13 Sep 2022,"1,245",28,40,10,5,6
Ipsos-MORI,07 Sep 2022 - 15 Sep 2022,"1,000",30,40,13,1,8
Techne,14 Sep 2022 - 15 Sep 2022,"1,647",35,41,10, ,5
Savanta ComRes/Electoral Calculus,15 Sep 2022 - 16 Sep 2022,"6,226",33.0,45.0,10.0, 3.0, 4.0
Redfield and Wilton,18 Sep 2022 - 18 Sep 2022,"2,000",34,42,10,3,5
Deltapoll,16 Sep 2022 - 20 Sep 2022,"2,084",32,42,10,2,6
PeoplePolling/GB News,21 Sep 2022 - 21 Sep 2022,"1,298",28,40,10,4,8
Redfield and Wilton,21 Sep 2022 - 21 Sep 2022,"2,000",32,42,12,4,5
Techne,21 Sep 2022 - 22 Sep 2022,"1,639",34,41,11, ,5
YouGov/The Times,21 Sep 2022 - 22 Sep 2022,"1,713",32,40,9,3,8
Deltapoll,22 Sep 2022 - 25 Sep 2022,"2,192",31,44,12,2,4
YouGov/The Times,23 Sep 2022 - 25 Sep 2022,"1,730",28,45,9,3,7
Redfield and Wilton,25 Sep 2022 - 25 Sep 2022,"2,000",31,44,11,2,6
Redfield and Wilton,28 Sep 2022 - 29 Sep 2022,"2,500",29,46,13,4,4
YouGov/The Times,21 Sep 2022 - 22 Sep 2022,"1,713",32,40,9,3,8
Deltapoll,22 Sep 2022 - 25 Sep 2022,"2,192",31,44,12,2,4
Savanta ComRes,23 Sep 2022 - 25 Sep 2022,"2,259",29,43,12, ,4
YouGov/The Times,23 Sep 2022 - 25 Sep 2022,"1,730",28,45,9,3,7
Redfield and Wilton,25 Sep 2022 - 25 Sep 2022,"2,000",31,44,11,2,6
Kantar Public,22 Sep 2022 - 26 Sep 2022,"1,141",35,39,10,3,4
Omnisis,23 Sep 2022 - 26 Sep 2022,"1,307",32,44,10,4,5
FindOutNow/Channel 4,23 Sep 2022 - 27 Sep 2022,"10,435",27.0,45.0,10.0, 3.0, 7.0
BMG Research,27 Sep 2022 - 29 Sep 2022,"1,516",30,47,9,3,5
Deltapoll/Daily Mirror,27 Sep 2022 - 29 Sep 2022,"1,613",29,48,9,2,4
PeoplePolling/GB News,28 Sep 2022 - 29 Sep 2022,"2,216",20,50,9,3,8
Redfield and Wilton,28 Sep 2022 - 29 Sep 2022,"2,500",29,46,13,4,4
Techne,28 Sep 2022 - 29 Sep 2022,"1,625",27,47,11, ,6
YouGov/The Times,28 Sep 2022 - 29 Sep 2022,"1,712",21,54,7,4,6
Survation,29 Sep 2022 - 29 Sep 2022,"1,092",28,49,11,2,1
Omnisis,29 Sep 2022 - 30 Sep 2022,"1,320",23,55,7,3,5
Opinium/The Observer,29 Sep 2022 - 30 Sep 2022,"1,468",27,46,9, ,6
Savanta ComRes,30 Sep 2022 - 02 Oct 2022,"2,113",25,50,11, ,3
Redfield and Wilton,02 Oct 2022 - 02 Oct 2022,"2,000",24,52,10,3,5
Redfield and Wilton,05 Oct 2022 - 05 Oct 2022,"1,500",24,52,10,3,5
Techne,05 Oct 2022 - 06 Oct 2022,"1,636",26,48,10, ,6
PeoplePolling/GB News,06 Oct 2022 - 06 Oct 2022,"1,512",20,52,8,4,7
Opinium/The Observer,05 Oct 2022 - 07 Oct 2022,"2,023",26,47,11, ,6
Deltapoll,06 Oct 2022 - 07 Oct 2022,"1,034",26,51,9,2,4
Omnisis,06 Oct 2022 - 07 Oct 2022,"1,328",24,51,10,4,5
YouGov/The Times,06 Oct 2022 - 07 Oct 2022,"1,737",22,52,9,5,6
Savanta ComRes,07 Oct 2022 - 09 Oct 2022,"2,036",23,51,10, ,4
Redfield and Wilton,09 Oct 2022 - 09 Oct 2022,"2,000",25,54,10,3,4
Ipsos-MORI/Evening Standard,05 Oct 2022 - 12 Oct 2022,"1,001",26,47,10, , 
YouGov/The Times,11 Oct 2022 - 12 Oct 2022,"1,675",23,51,9,3,7
People Polling/GB News,12 Oct 2022 - 12 Oct 2022,"1,158",19,53,8,4,6
Techne,12 Oct 2022 - 13 Oct 2022,"1,626",25,49,11, ,6
Redfield and Wilton,13 Oct 2022 - 13 Oct 2022,"1,500",24,53,13,2,3
Omnisis,13 Oct 2022 - 14 Oct 2022,"1,328",28,49,10,4,5
Savanta ComRes,14 Oct 2022 - 16 Oct 2022,"2,195",22,52,11, ,2
Redfield and Wilton,16 Oct 2022 - 16 Oct 2022,"2,000",20,56,11,2,5
Deltapoll,13 Oct 2022 - 17 Oct 2022,"1,050",23,55,7,3,4
Survation,18 Oct 2022 - 19 Oct 2022,"1,252",23,52,11,2,3
Redfield and Wilton,19 Oct 2022 - 19 Oct 2022,"2,500",19,55,12,4,4
Techne,19 Oct 2022 - 20 Oct 2022,"1,632",22,53,11, ,5
Omnisis,20 Oct 2022 - 20 Oct 2022,"1,382",22,57,7,3,4
PeoplePolling/GB News,20 Oct 2022 - 20 Oct 2022,"1,237",14,53,11,5,6
JandL Partners,19 Oct 2022 - 21 Oct 2022,"2,000",26,51,8,3,3
Opinium/The Observer,19 Oct 2022 - 21 Oct 2022,"2,023",23,50,9, ,6
YouGov/The Times,20 Oct 2022 - 21 Oct 2022,"1,700",19,56,10,5,4
Omnisis,21 Oct 2022 - 22 Oct 2022,"1,353",22,56,10,3,4
Savanta ComRes/Independent,21 Oct 2022 - 23 Oct 2022,"1,996",25,51,8, ,2
Redfield and Wilton,23 Oct 2022 - 23 Oct 2022,"2,000",21,54,11,4,4
BMG Research/Independent,24 Oct 2022 - 26 Oct 2022,"1,568",26,49,10,5,5
Redfield and Wilton,25 Oct 2022 - 26 Oct 2022,"1,500",23,55,9,4,5
YouGov/The Times,25 Oct 2022 - 26 Oct 2022,"1,646",23,51,9,6,4
PeoplePolling/GB News,26 Oct 2022 - 26 Oct 2022,"1,237",20,51,9,7,5
Survation,26 Oct 2022 - 27 Oct 2022,"2,028",27,51,8,3,2
Techne,26 Oct 2022 - 27 Oct 2022,"1,626",26,50,10, ,5
Opinium/The Observer,26 Oct 2022 - 28 Oct 2022,"1,499",28,44,10, ,5
Omnisis,27 Oct 2022 - 28 Oct 2022,"1,383",25,53,7,6,4
Redfield and Wilton,30 Oct 2022 - 30 Oct 2022,"2,000",27,50,9,3,5
Deltapoll,28 Oct 2022 - 31 Oct 2022,"1,606",26,51,9,3,4
PeoplePolling/GB News,01 Nov 2022 - 01 Nov 2022,"1,212",21,47,10,5,5
YouGov/The Times,01 Nov 2022 - 02 Nov 2022,"1,702",24,50,9,6,5
Survation,01 Nov 2022 - 03 Nov 2022,"1,017",27,50,7, ,3
Redfield and Wilton,02 Nov 2022 - 03 Nov 2022,"1,500",30,47,12,4,3
Techne,02 Nov 2022 - 03 Nov 2022,"1,663",29,49,9, ,4
Opinium/The Observer,02 Nov 2022 - 04 Nov 2022,"1,445",28,46,8, ,6
Omnisis,03 Nov 2022 - 04 Nov 2022,"1,352",27,51,7,6,4
Redfield and Wilton,06 Nov 2022 - 06 Nov 2022,"2,000",27,48,10,5,3
Deltapoll,07 Nov 2022 - 07 Nov 2022,"1,049",29,47,9,3,5
PeoplePolling/GB News,09 Nov 2022 - 09 Nov 2022,"1,198",21,42,9,8,9
Redfield and Wilton,09 Nov 2022 - 10 Nov 2022,"1,500",28,49,11,4,4
Techne,09 Nov 2022 - 10 Nov 2022,"1,628",30,49,8, ,4
YouGov/The Times,09 Nov 2022 - 10 Nov 2022,"1,708",25,48,10,5,5
Omnisis,10 Nov 2022 - 11 Nov 2022,"1,181",26,49,7,9,5
Redfield and Wilton,13 Nov 2022 - 13 Nov 2022,"2,000",26,50,9,4,5
Deltapoll,10 Nov 2022 - 14 Nov 2022,"1,060",27,50,6,3,6
Ipsos/Evening Standard,09 Nov 2022 - 16 Nov 2022,"1,004",29,50,7,2,3
YouGov/The Times,15 Nov 2022 - 16 Nov 2022,"1,682",26,47,9,6,5
Redfield and Wilton,16 Nov 2022 - 17 Nov 2022,"1,500",27,48,10,5,4
Techne,17 Nov 2022 - 17 Nov 2022,"1,628",28,50,8, ,4
Omnisis,17 Nov 2022 - 18 Nov 2022,"1,159",21,48,10,5,7
Opinium/The Observer,17 Nov 2022 - 18 Nov 2022,"1,484",28,45,9,6,4
PeoplePolling/GB News,18 Nov 2022 - 18 Nov 2022,"1,331",21,47,10,6,7
Deltapoll/The Mail on Sunday,17 Nov 2022 - 19 Nov 2022,"1,604",25,51,9,4,4
Savanta ComRes/Independent,18 Nov 2022 - 20 Nov 2022,"2,106",28,46,10,3,3
Redfield and Wilton,20 Nov 2022 - 20 Nov 2022,"2,000",28,49,9,5,4
Kantar Public,17 Nov 2022 - 21 Nov 2022,"1,111",30,45,8,5,4
YouGov/The Times,22 Nov 2022 - 23 Nov 2022,"1,672",25,48,9,5,5
PeoplePolling,23 Nov 2022 - 23 Nov 2022,"1,145",24,44,8,5,8
Omnisis,23 Nov 2022 - 24 Nov 2022,"1,174",25,49,9,6,5
Techne,23 Nov 2022 - 24 Nov 2022,"1,625",27,50,9, ,4
Redfield and Wilton,27 Nov 2022 - 27 Nov 2022,"2,000",27,47,11,5,5
Deltapoll,24 Nov 2022 - 28 Nov 2022,"1,062",30,48,10,4,3
YouGov/The Times,29 Nov 2022 - 30 Nov 2022,"1,637",22,47,9,9,5
PeoplePolling/GB News,30 Nov 2022 - 30 Nov 2022,"1,145",21,46,7,7,9
BMG Research/The i,29 Nov 2022 - 01 Dec 2022,"1,571",28,46,10,6,5
Techne,01 Dec 2022 - 01 Dec 2022,"1,632",26,49,10,5,4
Opinium/The Observer,30 Nov 2022 - 02 Dec 2022,"2,000",29,43,8,6,6
Omnisis,01 Dec 2022 - 02 Dec 2022,"1,189",25,48,9,5,6
Savanta,02 Dec 2022 - 04 Dec 2022,"2,211",31,42,10,5,3
Redfield and Wilton,04 Dec 2022 - 04 Dec 2022,"2,000",26,48,10,5,6
Deltapoll,01 Dec 2022 - 05 Dec 2022,"1,632",28,48,10,4,4
Savanta,02 Dec 2022 - 05 Dec 2022,"6,237",28.0,48.0,11.0, 4.0, 3.0
YouGov/The Times,06 Dec 2022 - 07 Dec 2022,"1,696",24,48,9,8,5
PeoplePolling/GB News,07 Dec 2022 - 07 Dec 2022,"1,231",20,47,8,9,6
Techne,07 Dec 2022 - 08 Dec 2022,"1,625",27,48,9,5,4
Omnisis,08 Dec 2022 - 09 Dec 2022,"1,294",30,48,9,4,6
Savanta,09 Dec 2022 - 11 Dec 2022,"2,194",29,45,8,6,3
Redfield and Wilton,11 Dec 2022 - 11 Dec 2022,"2,000",29,46,9,7,5
Deltapoll,09 Dec 2022 - 12 Dec 2022,"1,088",32,45,9,4,5
Kantar,09 Dec 2022 - 12 Dec 2022,"1,097",29,46,9,4,5
Ipsos,07 Dec 2022 - 13 Dec 2022,"1,007",23,49,13,2,3
PeoplePolling/GB News,14 Dec 2022 - 14 Dec 2022,"1,151",24,45,7,7,6
Techne,14 Dec 2022 - 15 Dec 2022,"1,631",28,46,9,6,5
YouGov/The Times,14 Dec 2022 - 15 Dec 2022,"1,690",23,48,8,9,5
Omnisis,15 Dec 2022 - 15 Dec 2022,"1,216",26,47,9,6,6
Opinium/The Observer,14 Dec 2022 - 16 Dec 2022,"1,418",29,44,9,8,5
Savanta,16 Dec 2022 - 18 Dec 2022,"2,024",28,45,9,5,3
PeoplePolling/GB News,21 Dec 2022 - 21 Dec 2022,"1,151",22,46,8,8,6
Techne,21 Dec 2022 - 22 Dec 2022,"1,633",28,45,8,7,5
Omnisis,22 Dec 2022 - 22 Dec 2022,"1,242",25,51,7,6,5
PeoplePolling/GB News,29 Dec 2022 - 29 Dec 2022,"1,169",19,45,8,8,9
Redfield and Wilton,02 Jan 2023 - 03 Jan 2023,"2,000",27,47,12,5,3
PeoplePolling/GB News,04 Jan 2023 - 04 Jan 2023,"1,209",22,46,7,8,7
Techne,04 Jan 2023 - 05 Jan 2023,"1,625",25,46,9,8,5
YouGov/The Times,04 Jan 2023 - 05 Jan 2023,"1,709",25,46,9,7,6
Omnisis,05 Jan 2023 - 06 Jan 2023,"1,285",27,49,10,4,4
Deltapoll,08 Jan 2023 - 08 Jan 2023,"1,593",31,45,9,3,5
Redfield and Wilton,08 Jan 2023 - 08 Jan 2023,"2,000",26,48,9,6,5
YouGov/The Times,10 Jan 2023 - 11 Jan 2023,"1,691",25,47,9,7,5
PeoplePolling/GB News,11 Jan 2023 - 11 Jan 2023,"1,160",21,48,8,7,7
YouGov/The Times,20 Dec 2023 - 11 Jan 2023,"4,922",24,47,9,7,5
Omnisis,11 Jan 2023 - 12 Jan 2023,"1,247",28,48,7,3,7
Techne,11 Jan 2023 - 12 Jan 2023,"1,636",26,47,8,7,5
Opinium/The Observer,11 Jan 2023 - 13 Jan 2023,"2,000",29,45,9,6,5
Redfield and Wilton,15 Jan 2023 - 15 Jan 2023,"2,000",27,47,10,6,5
Deltapoll,12 Jan 2023 - 16 Jan 2023,"1,059",29,45,10,4,5
Focaldata/Sam Freedman,17 Jan 2023 - 18 Jan 2023,"1,028",24,49,9,7,4
PeoplePolling/GB News,18 Jan 2023 - 18 Jan 2023,"1,168",21,45,9,8,9
Techne,18 Jan 2023 - 19 Jan 2023,"1,625",27,46,9,6,5
YouGov/The Times,18 Jan 2023 - 19 Jan 2023,"2,004",26,48,8,7,5
Omnisis,19 Jan 2023 - 20 Jan 2023,"1,268",24,50,8,5,5
Deltapoll,19 Jan 2023 - 21 Jan 2023,"1,563",30,44,9,4,5
Redfield and Wilton,22 Jan 2023 - 22 Jan 2023,"2,000",26,48,9,6,4
PeoplePolling/GB News,24 Jan 2023 - 24 Jan 2023,"1,270",21,50,8,7,5
Techne,25 Jan 2023 - 26 Jan 2023,"1,631",26,47,8,7,5
Omnisis,26 Jan 2023 - 26 Jan 2023,"1,268",26,50,7,7,6
Deltapoll,26 Jan 2023 - 30 Jan 2023,"1,057",29,46,9,4,4
YouGov/The Times,31 Jan 2023 - 01 Feb 2023,"2,006",24,48,9,6,6
PeoplePolling/GB News,01 Feb 2023 - 01 Feb 2023,"1,139",22,46,9,7,7
Techne,01 Feb 2023 - 02 Feb 2023,"1,634",27,48,8,7,4
Omnisis,02 Feb 2023 - 03 Feb 2023,"1,324",24,48,9,6,5
FindOutNow/Electoral Calculus/The Daily Telegraph,27 Jan 2023 - 05 Feb 2023,"28,191",23.0,48.0,11.0, 5.0, 5.0
Savanta,03 Feb 2023 - 05 Feb 2023,"2,247",27,46,9,5,4
Redfield and Wilton,05 Feb 2023 - 05 Feb 2023,"2,000",24,50,10,6,5
Survation,01 Feb 2023 - 06 Feb 2023,"1,923",26,42,11,6,5
Deltapoll,03 Feb 2023 - 06 Feb 2023,"1,831",29,47,9,5,4
PeoplePolling/GB News,08 Feb 2023 - 09 Feb 2023,"1,229",21,50,7,7,6
Techne,08 Feb 2023 - 09 Feb 2023,"1,627",26,47,9,6,5
YouGov/The Times,08 Feb 2023 - 09 Feb 2023,"2,061",24,47,10,6,6
Omnisis,09 Feb 2023 - 10 Feb 2023,"1,281",26,47,10,8,4
Focaldata,10 Feb 2023 - 12 Feb 2023,"1,041",28,48,9,6,4
Savanta,10 Feb 2023 - 12 Feb 2023,"2,175",28,45,10,5,4
Redfield and Wilton,12 Feb 2023 - 12 Feb 2023,"2,000",27,48,9,6,5
Deltapoll,10 Feb 2023 - 13 Feb 2023,"1,004",28,48,8,3,6
YouGov/The Times,14 Feb 2023 - 15 Feb 2023,"2,062",22,50,9,7,6
PeoplePolling/GB News,15 Feb 2023 - 15 Feb 2023,"1,148",21,48,8,7,8
Omnisis,15 Feb 2023 - 16 Feb 2023,"1,259",25,48,10,7,5
Techne,15 Feb 2023 - 16 Feb 2023,"1,631",27,48,8,6,5
Opinium/The Observer,15 Feb 2023 - 17 Feb 2023,"1,451",28,44,9,7,6
Redfield and Wilton,18 Feb 2023 - 18 Feb 2023,"2,000",24,51,10,6,5
Savanta,17 Feb 2023 - 19 Feb 2023,"2,103",31,45,9,4,3
Kantar Public,16 Feb 2023 - 20 Feb 2023,"1,120",28,45,9,5,7
Deltapoll,17 Feb 2023 - 20 Feb 2023,"1,079",28,50,9,2,3
PeoplePolling/GB News,22 Feb 2023 - 22 Feb 2023,"1,192",20,46,8,9,8
Omnisis,22 Feb 2023 - 23 Feb 2023,"1,248",24,48,10,8,5
Techne,22 Feb 2023 - 23 Feb 2023,"1,633",27,49,8,5,5
Redfield and Wilton,26 Feb 2023 - 26 Feb 2023,"2,000",24,51,9,7,5
Deltapoll,24 Feb 2023 - 27 Feb 2023,"1,060",31,46,8,5,4
Ipsos/Evening Standard,22 Feb 2023 - 01 Mar 2023,"1,004",25,51,9,3,5
YouGov/The Times,28 Feb 2023 - 01 Mar 2023,"2,073",25,47,10,6,5
PeoplePolling/GB News,01 Mar 2023 - 01 Mar 2023,"1,158",24,45,9,7,8
Techne,01 Mar 2023 - 02 Mar 2023,"1,625",29,47,8,6,5
FindOutNow/Electoral Calculus/Daily Telegraph,01 Mar 2023 - 03 Mar 2023,"1,487",25,48,9,5,6
Opinium/The Observer,01 Mar 2023 - 03 Mar 2023,"1,419",27,44,7,8,7
Omnisis,02 Mar 2023 - 03 Mar 2023,"1,284",26,45,11,6,6
Survation,02 Mar 2023 - 03 Mar 2023,870,29,45,10,4,3
Savanta,03 Mar 2023 - 05 Mar 2023,"2,138",32,43,9,5,3
Redfield and Wilton,05 Mar 2023 - 05 Mar 2023,"2,000",24,50,9,7,5
Deltapoll,02 Mar 2023 - 06 Mar 2023,"1,630",31,47,8,4,5
YouGov/The Times,07 Mar 2023 - 08 Mar 2023,"2,049",23,45,10,7,7
PeoplePolling/GB News,08 Mar 2023 - 08 Mar 2023,"1,158",23,42,8,7,10
Techne,08 Mar 2023 - 09 Mar 2023,"1,624",29,46,9,6,5
Opinium,08 Mar 2023 - 10 Mar 2023,"2,000",29,44,8,8,5
Omnisis,09 Mar 2023 - 10 Mar 2023,"1,323",26,50,7,6,5
Savanta,10 Mar 2023 - 12 Mar 2023,"2,093",30,45,9,5,3
Redfield and Wilton,12 Mar 2023 - 12 Mar 2023,"2,000",27,48,11,6,5
Deltapoll,10 Mar 2023 - 13 Mar 2023,"1,561",27,50,9,4,4
Survation,13 Mar 2023 - 15 Mar 2023,"1,011",32,48,8,3,2
Omnisis,15 Mar 2023 - 15 Mar 2023,"1,126",25,46,6,9,7
Techne,15 Mar 2023 - 16 Mar 2023,"1,632",30,47,8,5,4
YouGov/The Times,15 Mar 2023 - 16 Mar 2023,"2,155",27,46,9,6,6
Opinium/The Observer,15 Mar 2023 - 17 Mar 2023,"1,402",29,44,8,7,6
PeoplePolling/GB News,16 Mar 2023 - 17 Mar 2023,"1,289",20,45,9,6,13
Savanta,17 Mar 2023 - 19 Mar 2023,"2,175",31,45,9,4,3
Redfield and Wilton,19 Mar 2023 - 19 Mar 2023,"2,000",26,47,11,5,6
Deltapoll,17 Mar 2023 - 20 Mar 2023,"1,054",35,45,7,3,4
Survation,17 Mar 2023 - 20 Mar 2023,812,31,46,8,4,2
YouGov/The Times,21 Mar 2023 - 22 Mar 2023,"2,026",23,49,10,6,6
PeoplePolling/GB News,22 Mar 2023 - 22 Mar 2023,"1,175",22,43,10,9,8
Techne,22 Mar 2023 - 23 Mar 2023,"1,624",31,46,8,5,4
Omnisis,23 Mar 2023 - 24 Mar 2023,"1,382",29,44,10,6,5
Survation,23 Mar 2023 - 24 Mar 2023,831,31,45,8,4,3
Savanta,24 Mar 2023 - 26 Mar 2023,"2,097",29,45,9,4,3
Redfield and Wilton,26 Mar 2023 - 26 Mar 2023,"2,000",27,46,10,8,4
Deltapoll,24 Mar 2023 - 27 Mar 2023,"1,569",30,45,10,4,4
Ipsos/Evening Standard,22 Mar 2023 - 29 Mar 2023,"1,004",26,49,11,2,6
Omnisis,28 Mar 2023 - 29 Mar 2023,"1,344",27,50,9,6,4
PeoplePolling/GB News,29 Mar 2023 - 29 Mar 2023,"1,209",24,42,9,8,7
Techne,29 Mar 2023 - 30 Mar 2023,"1,633",30,46,9,5,4
YouGov/The Times,29 Mar 2023 - 30 Mar 2023,"2,002",26,46,9,7,7
Opinium/The Observer,29 Mar 2023 - 31 Mar 2023,"2,050",29,44,9,7,5
Survation,29 Mar 2023 - 02 Apr 2023,"1,009",29,46,8,5,3
Savanta,31 Mar 2023 - 02 Apr 2023,"2,149",29,45,10,5,3
Redfield and Wilton,02 Apr 2023 - 02 Apr 2023,"2,000",28,45,12,5,4
Deltapoll,31 Mar 2023 - 03 Apr 2023,"1,587",27,48,9,5,4
Omnisis,05 Apr 2023 - 06 Apr 2023,"1,328",26,46,10,7,5
Opinium/The Observer,05 Apr 2023 - 06 Apr 2023,"2,081",30,41,10,7,5
Techne,05 Apr 2023 - 06 Apr 2023,"1,629",30,45,9,5,5
YouGov/The Times,05 Apr 2023 - 06 Apr 2023,"2,042",27,44,9,6,7
Redfield and Wilton,09 Apr 2023 - 09 Apr 2023,"2,000",30,44,10,6,5
Omnisis,12 Apr 2023 - 13 Apr 2023,"1,340",25,48,9,7,5
Techne,12 Apr 2023 - 13 Apr 2023,"1,630",30,45,10,6,4
YouGov/The Times,12 Apr 2023 - 13 Apr 2023,"2,010",27,45,10,6,5
Opinium/The Observer,12 Apr 2023 - 14 Apr 2023,"1,370",28,42,10,8,6
Savanta,14 Apr 2023 - 16 Apr 2023,"2,237",31,45,8,5,3
Redfield and Wilton,16 Apr 2023 - 16 Apr 2023,"2,000",32,44,10,4,4
Deltapoll,13 Apr 2023 - 17 Apr 2023,"1,567",29,43,10,4,5
YouGov/The Times,19 Apr 2023 - 20 Apr 2023,"2,010",28,43,10,7,6
Techne,20 Apr 2023 - 20 Apr 2023,"1,626",31,44,10,5,5
Omnisis,20 Apr 2023 - 21 Apr 2023,"1,318",27,47,7,7,6
Redfield and Wilton,23 Apr 2023 - 23 Apr 2023,"2,000",29,44,11,6,5
Deltapoll,24 Apr 2023 - 26 Apr 2023,"1,576",30,43,9,5,5
Techne,26 Apr 2023 - 27 Apr 2023,"1,627",30,44,9,6,5
YouGov/The Times,26 Apr 2023 - 27 Apr 2023,"2,111",27,41,11,7,7
Survation/Good Morning Britain,24 Apr 2023 - 28 Apr 2023,"2,014",28,45,12,3,4
Opinium/The Observer,26 Apr 2023 - 28 Apr 2023,"1,425",26,44,10,7,7
Omnisis,27 Apr 2023 - 28 Apr 2023,"1,352",28,45,10,6,6
Savanta,28 Apr 2023 - 30 Apr 2023,"2,241",31,44,9,5,3
Redfield and Wilton,30 Apr 2023 - 30 Apr 2023,"2,000",28,45,12,7,4
Deltapoll,28 Apr 2023 - 02 May 2023,"1,561",29,44,11,4,4
Techne,02 May 2023 - 03 May 2023,"1,632",29,44,11,6,5
BMG/The i,03 May 2023 - 04 May 2023,"1,534",29,43,11,5,6
YouGov/The Times,03 May 2023 - 04 May 2023,"2,012",26,43,10,6,7
Omnisis,04 May 2023 - 05 May 2023,"1,355",27,48,7,6,6
Savanta,05 May 2023 - 07 May 2023,"2,168",30,46,9,5,3
Redfield and Wilton,07 May 2023 - 07 May 2023,"2,000",29,41,16,5,4
Deltapoll,05 May 2023 - 09 May 2023,"1,550",28,47,9,5,5
YouGov/The Times,09 May 2023 - 10 May 2023,"2,001",25,43,11,7,8
Techne,10 May 2023 - 11 May 2023,"1,625",28,45,11,5,5
Opinium/The Observer,10 May 2023 - 12 May 2023,"2,050",29,43,11,6,5
Omnisis,11 May 2023 - 12 May 2023,"1,355",24,51,10,6,4
Savanta,12 May 2023 - 14 May 2023,"2,214",29,46,9,5,3
Redfield and Wilton,14 May 2023 - 14 May 2023,"2,000",28,42,11,8,5
Deltapoll,12 May 2023 - 15 May 2023,"1,511",29,45,12,5,4
More in Common,12 May 2023 - 15 May 2023,"2,017",31,42,13,5,5
Ipsos/Evening Standard,10 May 2023 - 16 May 2023,"1,006",28,44,13,2,6
Omnisis,17 May 2023 - 18 May 2023,"1,389",25,47,10,6,5
Techne,17 May 2023 - 18 May 2023,"1,633",29,45,10,5,4
YouGov/The Times,17 May 2023 - 18 May 2023,"2,006",25,43,12,6,8
Savanta,19 May 2023 - 21 May 2023,"2,043",30,46,9,5,3
Redfield and Wilton,21 May 2023 - 21 May 2023,"2,000",30,42,13,5,4
Kantar Public,18 May 2023 - 22 May 2023,"1,143",29,42,11,5,5
Deltapoll,19 May 2023 - 22 May 2023,"1,575",30,47,9,4,4
(Techne,24 May 2023 - 25 May 2023,"1,625",30,44,11,4,5
Opinium/The Observer,23 May 2023 - 26 May 2023,"2,062",28,43,9,6,7
Omnisis,25 May 2023 - 26 May 2023,"1,361",28,47,10,5,5
Redfield and Wilton,28 May 2023 - 28 May 2023,"2,000",28,43,12,5,7
BMG/The i,30 May 2023 - 31 May 2023,"1,529",27,44,10,7,7
YouGov/The Times,30 May 2023 - 31 May 2023,"2,000",25,44,11,6,7
Techne,31 May 2023 - 01 Jun 2023,"1,630",29,43,12,4,6
Omnisis,01 Jun 2023 - 02 Jun 2023,"1,351",25,46,10,6,7
Savanta,02 Jun 2023 - 04 Jun 2023,"2,109",30,44,11,5,3
Redfield and Wilton,04 Jun 2023 - 04 Jun 2023,"2,000",30,44,12,5,5
Deltapoll,02 Jun 2023 - 05 Jun 2023,"1,525",29,43,13,5,5
YouGov/The Times,06 Jun 2023 - 07 Jun 2023,"2,071",26,42,11,7,8
Techne,07 Jun 2023 - 08 Jun 2023,"1,632",29,42,12,5,6
Opinium/The Observer,07 Jun 2023 - 09 Jun 2023,"2,107",29,41,11,6,7
Omnisis,08 Jun 2023 - 09 Jun 2023,"1,296",27,47,10,6,5
YouGov/Times Radio,02 Jun 2023 - 11 Jun 2023,"9,903",26.0,44.0,10.0, 7.0, 7.0
Savanta,09 Jun 2023 - 11 Jun 2023,"2,030",28,45,9,6,4
Redfield and Wilton,11 Jun 2023 - 11 Jun 2023,"2,000",30,44,13,6,4
Deltapoll,09 Jun 2023 - 12 Jun 2023,"1,084",31,42,12,4,4
Techne,14 Jun 2023 - 15 Jun 2023,"1,625",28,44,11,6,5
Omnisis,15 Jun 2023 - 16 Jun 2023,"1,306",26,48,10,5,6
YouGov/The Times,15 Jun 2023 - 16 Jun 2023,"2,072",24,43,11,7,8
Savanta,16 Jun 2023 - 18 Jun 2023,"2,196",28,46,11,4,3
Redfield and Wilton,18 Jun 2023 - 18 Jun 2023,"2,000",26,46,12,7,6
More in Common,15 Jun 2023 - 19 Jun 2023,"1,570",27,46,10,6,5
Survation,15 Jun 2023 - 19 Jun 2023,"1,007",29,47,11,3,3
Deltapoll,16 Jun 2023 - 19 Jun 2023,"1,554",27,46,10,5,6
Ipsos/Evening Standard,14 Jun 2023 - 20 Jun 2023,"1,003",25,47,13,2,8
YouGov/The Times,20 Jun 2023 - 21 Jun 2023,"2,294",22,47,11,7,8
Techne,21 Jun 2023 - 22 Jun 2023,"1,629",29,45,10,5,5
Opinium/The Observer,21 Jun 2023 - 23 Jun 2023,"2,063",26,44,8,10,7
Omnisis,22 Jun 2023 - 23 Jun 2023,"1,336",27,47,9,6,6
Redfield and Wilton,25 Jun 2023 - 25 Jun 2023,"2,000",26,44,13,6,5
Deltapoll,23 Jun 2023 - 26 Jun 2023,"1,089",24,47,12,7,4
Survation,23 Jun 2023 - 26 Jun 2023,"2,054",28,45,11,4,3
YouGov/The Times,27 Jun 2023 - 28 Jun 2023,"2,047",24,46,10,8,7
BMG/The i,27 Jun 2023 - 29 Jun 2023,"1,500",29,43,11,6,7
Techne,28 Jun 2023 - 29 Jun 2023,"1,631",27,46,11,6,5
Omnisis,29 Jun 2023 - 30 Jun 2023,"1,351",26,48,8,7,5
Savanta,30 Jun 2023 - 02 Jul 2023,"2,216",28,46,11,4,4
Survation,30 Jun 2023 - 02 Jul 2023,"1,013",30,45,11,3,3
Redfield and Wilton,02 Jul 2023 - 02 Jul 2023,"2,000",28,46,11,5,5
Deltapoll,29 Jun 2023 - 03 Jul 2023,"1,507",25,48,10,5,5
Techne,05 Jul 2023 - 06 Jul 2023,"1,632",26,47,10,6,5
YouGov/The Times,05 Jul 2023 - 06 Jul 2023,"2,062",22,47,9,9,7
Opinium/The Observer,05 Jul 2023 - 07 Jul 2023,"1,473",28,43,9,8,6
Omnisis,06 Jul 2023 - 07 Jul 2023,"1,312",25,51,8,5,5
Savanta,07 Jul 2023 - 09 Jul 2023,"2,242",30,45,10,5,3
Survation,07 Jul 2023 - 09 Jul 2023,838,28,46,12,4,3
Redfield and Wilton,09 Jul 2023 - 09 Jul 2023,"2,000",27,48,11,5,3
Deltapoll,07 Jul 2023 - 10 Jul 2023,"1,617",28,46,9,4,7
YouGov/The Times,10 Jul 2023 - 11 Jul 2023,"2,015",25,43,11,9,7
Techne,12 Jul 2023 - 13 Jul 2023,"1,628",26,46,11,6,5
Omnisis,13 Jul 2023 - 14 Jul 2023,"1,361",25,47,10,6,5
Savanta,14 Jul 2023 - 16 Jul 2023,"2,265",28,46,11,5,3
Redfield and Wilton,16 Jul 2023 - 16 Jul 2023,"2,000",27,44,13,8,4
Deltapoll,14 Jul 2023 - 17 Jul 2023,"1,000",24,48,11,6,5
More in Common,18 Jul 2023 - 18 Jul 2023,"1,584",29,44,12,5,5
Techne,19 Jul 2023 - 20 Jul 2023,"1,632",26,45,11,7,5
YouGov/The Times,19 Jul 2023 - 20 Jul 2023,"2,069",25,44,10,8,7
Opinium/The Observer,19 Jul 2023 - 21 Jul 2023,"1,468",25,42,11,10,6
Omnisis,20 Jul 2023 - 21 Jul 2023,"1,380",25,47,10,7,5
Savanta,21 Jul 2023 - 23 Jul 2023,"2,240",28,47,10,4,3
Redfield and Wilton,23 Jul 2023 - 23 Jul 2023,"2,000",28,45,14,6,4
Deltapoll,21 Jul 2023 - 24 Jul 2023,"1,482",26,49,9,4,5
Techne,26 Jul 2023 - 27 Jul 2023,"1,624",25,45,10,8,6
Omnisis,28 Jul 2023 - 28 Jul 2023,"1,339",25,48,10,6,6
Redfield and Wilton,30 Jul 2023 - 30 Jul 2023,"2,000",28,43,11,7,5
Deltapoll,28 Jul 2023 - 31 Jul 2023,"1,556",25,48,11,6,5
Techne,02 Aug 2023 - 03 Aug 2023,"1,624",26,46,10,7,5
YouGov/The Times,02 Aug 2023 - 03 Aug 2023,"2,313",25,47,10,7,6
FindOutNow/Electoral Calculus/Channel 4 News,31 Jul 2023 - 04 Aug 2023,"11,142",24.0,44.0,12.0, 6.0, 8.0
Opinium/The Observer,02 Aug 2023 - 04 Aug 2023,"1,484",26,40,10,10,7
Omnisis,03 Aug 2023 - 04 Aug 2023,"1,420",25,47,11,7,5
Redfield and Wilton,06 Aug 2023 - 06 Aug 2023,"2,000",27,45,10,8,6
Deltapoll,04 Aug 2023 - 07 Aug 2023,"1,023",26,47,12,4,4
Deltapoll/Mail on Sunday,09 Aug 2023 - 11 Aug 2023,"1,504",29,46,12,4,5
Omnisis,10 Aug 2023 - 11 Aug 2023,"1,345",24,48,10,6,6
Redfield and Wilton,13 Aug 2023 - 13 Aug 2023,"2,000",28,48,10,5,4
More in Common,14 Aug 2023 - 16 Aug 2023,"2,052",29,44,11,6,6
Opinium/The Observer,16 Aug 2023 - 18 Aug 2023,"1,452",26,41,11,9,7
YouGov/The Times,17 Aug 2023 - 18 Aug 2023,"2,122",26,45,10,7,8
Omnisis,18 Aug 2023 - 18 Aug 2023,"1,315",28,44,10,7,5
Redfield and Wilton,20 Aug 2023 - 20 Aug 2023,"2,000",27,42,13,7,6
Deltapoll,17 Aug 2023 - 21 Aug 2023,"1,520",25,50,9,4,7
Deltapoll,24 Aug 2023 - 25 Aug 2023,"1,061",30,46,12,5,3
Redfield and Wilton,27 Aug 2023 - 27 Aug 2023,"2,000",28,44,12,7,4
Techne,30 Aug 2023 - 31 Aug 2023,"1,633",24,45,11,8,6
YouGov/The Times,30 Aug 2023 - 31 Aug 2023,"2,103",26,44,10,7,7
Survation/Greenpeace,18 Aug 2023 - 01 Sep 2023,"20,205",29.0,46.0,11.0, 4.0, 3.0
Opinium/The Observer,31 Aug 2023 - 01 Sep 2023,"1,400",28,42,9,8,8
Savanta,01 Sep 2023 - 03 Sep 2023,"2,223",29,45,10,6,3
Redfield and Wilton,03 Sep 2023 - 03 Sep 2023,"2,000",28,44,14,6,4
Kantar Public,31 Aug 2023 - 04 Sep 2023,"1,146",27,43,13,4,5
Deltapoll,01 Sep 2023 - 04 Sep 2023,"2,009",28,46,10,7,5
Techne,06 Sep 2023 - 07 Sep 2023,"1,627",25,46,10,7,6
YouGov/The Times,07 Sep 2023 - 08 Sep 2023,"2,107",24,46,10,6,7
Redfield and Wilton,10 Sep 2023 - 10 Sep 2023,"2,000",25,45,12,6,6
Ipsos,09 Sep 2023 - 12 Sep 2023,"1,004",24,44,12,4,8
Techne,13 Sep 2023 - 14 Sep 2023,"1,634",26,46,10,6,6
YouGov/The Times,13 Sep 2023 - 14 Sep 2023,"2,049",24,45,9,8,9
Deltapoll,11 Sep 2023 - 15 Sep 2023,"2,039",23,47,10,6,7
Opinium/The Observer,13 Sep 2023 - 15 Sep 2023,"1,414",26,41,11,8,7
Savanta,15 Sep 2023 - 17 Sep 2023,"2,255",26,46,12,5,4
Redfield and Wilton,17 Sep 2023 - 17 Sep 2023,"2,000",26,44,14,6,6
More in Common,18 Sep 2023 - 20 Sep 2023,"1,355",28,43,12,7,6
Techne,20 Sep 2023 - 21 Sep 2023,"1,636",26,45,11,5,7
YouGov/The Times,21 Sep 2023 - 22 Sep 2023,"2,144",27,43,10,8,7
Redfield and Wilton,24 Sep 2023 - 24 Sep 2023,"2,000",28,43,13,8,5
Deltapoll,22 Sep 2023 - 25 Sep 2023,"2,507",28,44,10,5,6
Techne,26 Sep 2023 - 27 Sep 2023,"1,633",27,45,10,6,6
YouGov/The Times,26 Sep 2023 - 27 Sep 2023,"2,066",24,45,11,8,7
Opinium/The Observer,27 Sep 2023 - 29 Sep 2023,"1,993",29,39,12,7,7
We Think,28 Sep 2023 - 29 Sep 2023,"1,285",27,47,10,7,5
Savanta,29 Sep 2023 - 01 Oct 2023,"2,129",27,46,11,5,4
Redfield and Wilton,01 Oct 2023 - 01 Oct 2023,"2,000",29,43,12,7,4
Deltapoll,29 Sep 2023 - 02 Oct 2023,"1,516",26,44,12,5,6
BMG/The i,04 Oct 2023 - 05 Oct 2023,"1,502",30,44,10,6,7
Techne,04 Oct 2023 - 05 Oct 2023,"1,624",26,45,11,6,6
YouGov,04 Oct 2023 - 05 Oct 2023,"2,062",24,45,11,8,7
We Think,05 Oct 2023 - 06 Oct 2023,"1,261",28,44,10,6,5
Opinium/The Observer,06 Oct 2023 - 06 Oct 2023,"1,370",29,42,11,6,6
Deltapoll/Mail on Sunday,05 Oct 2023 - 07 Oct 2023,"1,517",28,43,12,7,6
Savanta,06 Oct 2023 - 08 Oct 2023,"2,000",30,46,10,5,3
Redfield and Wilton,09 Oct 2023 - 09 Oct 2023,"2,000",27,43,13,8,6
BMG/The i,11 Oct 2023 - 12 Oct 2023,"1,591",30,43,11,7,6
Techne,11 Oct 2023 - 12 Oct 2023,"1,635",26,46,10,6,6
YouGov/The Times,11 Oct 2023 - 12 Oct 2023,"2,067",24,47,9,8,6
Opinium/The Observer,11 Oct 2023 - 13 Oct 2023,"1,461",28,44,10,6,6
We Think,12 Oct 2023 - 13 Oct 2023,"1,198",28,44,9,7,6
Savanta,13 Oct 2023 - 15 Oct 2023,"2,258",29,45,10,5,2
Redfield and Wilton,15 Oct 2023 - 15 Oct 2023,"2,000",29,43,14,7,4
Deltapoll,13 Oct 2023 - 16 Oct 2023,"1,568",27,47,10,5,6
More in Common,14 Oct 2023 - 16 Oct 2023,"2,336",30,42,12,7,6
YouGov/The Times,17 Oct 2023 - 18 Oct 2023,"2,031",25,47,9,7,7
Techne,18 Oct 2023 - 19 Oct 2023,"1,634",26,45,11,6,6
Deltapoll,19 Oct 2023 - 20 Oct 2023,"1,036",27,47,10,6,5
We Think,19 Oct 2023 - 20 Oct 2023,"1,185",27,48,10,7,4
Savanta,20 Oct 2023 - 22 Oct 2023,"2,279",29,46,10,5,3
Redfield and Wilton,22 Oct 2023 - 22 Oct 2023,"2,000",26,44,13,8,4
PeoplePolling/GB News,23 Oct 2023 - 23 Oct 2023,"1,906",21,49,9,9,7
YouGov,24 Oct 2023 - 25 Oct 2023,"2,035",24,48,9,8,5
Techne,25 Oct 2023 - 26 Oct 2023,"1,630",25,46,11,7,5
Opinium/Observer,25 Oct 2023 - 27 Oct 2023,"1,433",27,42,10,8,7
We Think,26 Oct 2023 - 27 Oct 2023,"1,189",26,46,10,7,6
Savanta,27 Oct 2023 - 29 Oct 2023,"2,043",29,46,9,7,3
Redfield and Wilton,29 Oct 2023 - 29 Oct 2023,"2,000",25,45,13,7,6
Deltapoll,27 Oct 2023 - 30 Oct 2023,"1,546",25,46,11,7,6
Find Out Now,31 Oct 2023 - 31 Oct 2023,"2,461",23,45,11,8,7
YouGov/The Times,31 Oct 2023 - 01 Nov 2023,"2,193",23,44,9,9,9
More in Common,28 Oct 2023 - 02 Nov 2023,"2,043",28,44,10,7,7
Techne,01 Nov 2023 - 02 Nov 2023,"1,635",26,46,11,6,6
Survation/UK Spirits Alliance,31 Oct 2023 - 03 Nov 2023,"12,188",28.5,46.0,10.5, 5.2, 3.4
We Think,02 Nov 2023 - 03 Nov 2023,"1,155",27,45,10,9,5
Savanta,03 Nov 2023 - 05 Nov 2023,"1,021",29,45,11,5,3
Redfield and Wilton,05 Nov 2023 - 05 Nov 2023,"2,000",28,45,11,9,4
Deltapoll,03 Nov 2023 - 06 Nov 2023,"1,021",24,45,12,6,7
Lord Ashcroft,31 Oct 2023 - 08 Nov 2023,"2,518",27,43,10,8,7
Ipsos,01 Nov 2023 - 08 Nov 2023,"1,001",25,46,12,4,6
YouGov/The Times,07 Nov 2023 - 08 Nov 2023,"2,080",23,47,10,8,7
Techne,08 Nov 2023 - 09 Nov 2023,"1,634",25,46,10,7,7
Opinium/The Observer,08 Nov 2023 - 10 Nov 2023,"1,433",26,43,11,9,6
We Think,09 Nov 2023 - 10 Nov 2023,"1,147",24,48,9,8,6
Savanta,10 Nov 2023 - 12 Nov 2023,"2,230",28,46,10,6,4
Redfield and Wilton,12 Nov 2023 - 12 Nov 2023,"2,000",27,43,12,8,6
Deltapoll,10 Nov 2023 - 13 Nov 2023,"1,840",28,44,13,4,6
Find Out Now/The Mirror,13 Nov 2023 - 14 Nov 2023,"2,198",19,46,9,10,8
PeoplePolling/GB News,14 Nov 2023 - 14 Nov 2023,"1,581",19,49,9,11,7
YouGov/The Times,14 Nov 2023 - 15 Nov 2023,"2,480",21,44,10,10,8
Techne,15 Nov 2023 - 16 Nov 2023,"1,632",22,46,11,8,7
More in Common,15 Nov 2023 - 17 Nov 2023,"2,031",29,41,13,7,5
Opinium/The Observer,15 Nov 2023 - 17 Nov 2023,"1,433",27,40,12,9,6
We Think,16 Nov 2023 - 17 Nov 2023,"1,160",25,45,11,10,5
Savanta,17 Nov 2023 - 19 Nov 2023,"2,263",27,44,11,7,5
Redfield and Wilton,19 Nov 2023 - 19 Nov 2023,"1,160",24,43,14,7,5
Deltapoll,16 Nov 2023 - 20 Nov 2023,"1,565",27,44,10,6,6
Techne,22 Nov 2023 - 23 Nov 2023,"1,640",21,46,12,8,7
YouGov/The Times,22 Nov 2023 - 23 Nov 2023,"2,069",25,44,10,9,7
Opinium/The Observer,22 Nov 2023 - 24 Nov 2023,"1,453",26,42,11,8,7
We Think,23 Nov 2023 - 24 Nov 2023,"1,119",26,44,12,8,6
Redfield and Wilton,26 Nov 2023 - 26 Nov 2023,"2,000",25,45,11,10,6
Deltapoll,24 Nov 2023 - 27 Nov 2023,"1,996",28,42,11,7,6
More in Common/Times Radio,24 Nov 2023 - 27 Nov 2023,"2,022",28,44,10,8,5
BMG/The i,28 Nov 2023 - 30 Nov 2023,"1,502",27,43,10,11,5
Techne,29 Nov 2023 - 30 Nov 2023,"1,629",23,45,11,8,7
YouGov/The Times,29 Nov 2023 - 30 Nov 2023,"2,055",22,45,9,10,7
We Think,30 Nov 2023 - 01 Dec 2023,"1,123",28,44,9,8,6
Savanta,01 Dec 2023 - 03 Dec 2023,"2,086",28,43,11,7,3
Redfield and Wilton,03 Dec 2023 - 03 Dec 2023,"2,000",26,42,12,10,6
More in Common,30 Nov 2023 - 04 Dec 2023,"2,030",29,41,12,8,6
Deltapoll,01 Dec 2023 - 04 Dec 2023,"1,000",27,42,13,6,6
Ipsos,01 Dec 2023 - 07 Dec 2023,"1,006",24,41,13,7,9
Techne,06 Dec 2023 - 07 Dec 2023,"1,642",22,45,12,8,7
YouGov/The Times,06 Dec 2023 - 07 Dec 2023,"2,054",22,45,10,11,7
We Think,07 Dec 2023 - 08 Dec 2023,"1,201",25,45,11,9,5
Savanta,08 Dec 2023 - 10 Dec 2023,"2,079",26,43,10,9,4
Redfield and Wilton,10 Dec 2023 - 10 Dec 2023,"2,000",25,43,13,11,5
Deltapoll,08 Dec 2023 - 11 Dec 2023,"1,005",29,40,11,7,7
YouGov/The Times,12 Dec 2023 - 13 Dec 2023,"2,018",22,44,10,11,7
More in Common,12 Dec 2023 - 14 Dec 2023,"2,041",28,42,11,8,6
Techne,13 Dec 2023 - 14 Dec 2023,"1,637",22,44,12,9,7
Opinium/The Observer,13 Dec 2023 - 15 Dec 2023,"1,426",27,40,11,9,7
We Think,14 Dec 2023 - 15 Dec 2023,"1,065",25,46,10,9,5
Savanta,15 Dec 2023 - 17 Dec 2023,"2,286",27,43,10,9,3
Redfield and Wilton,17 Dec 2023 - 17 Dec 2023,"2,000",24,42,11,10,6
Survation,15 Dec 2023 - 18 Dec 2023,"1,044",28,45,10,8,2
Techne,20 Dec 2023 - 21 Dec 2023,"1,646",23,43,11,10,7
We Think,21 Dec 2023 - 22 Dec 2023,"1,177",27,41,12,9,6
PeoplePolling/GB News,28 Dec 2024 - 28 Dec 2024,"1,987",23,45,10,10,6
Deltapoll/Daily Mirror,22 Dec 2024 - 29 Dec 2024,"1,642",28,42,12,9,6
We Think,28 Dec 2024 - 30 Dec 2024,"1,181",26,43,11,11,6
YouGov/The Times,02 Jan 2024 - 03 Jan 2024,"2,016",22,46,10,9,7
We Think,04 Jan 2024 - 05 Jan 2024,"1,226",25,47,9,10,5
Savanta,05 Jan 2024 - 07 Jan 2024,"2,268",26,45,10,8,5
Redfield and Wilton,07 Jan 2024 - 07 Jan 2024,"2,000",27,43,10,11,5
More in Common/Times Radio,09 Jan 2024 - 11 Jan 2024,"2,056",27,42,10,9,8
Techne,10 Jan 2024 - 11 Jan 2024,"1,633",24,44,10,10,6
YouGov/The Times,10 Jan 2024 - 11 Jan 2024,"2,057",22,45,9,10,8
Opinium/The Observer,10 Jan 2024 - 12 Jan 2024,"2,050",27,41,11,10,6
We Think,11 Jan 2024 - 12 Jan 2024,"1,161",23,45,11,11,5
Savanta,12 Jan 2024 - 14 Jan 2024,"2,148",27,44,11,7,4
Redfield and Wilton,14 Jan 2024 - 14 Jan 2024,"2,000",25,44,10,11,5
Deltapoll,12 Jan 2024 - 15 Jan 2024,"2,136",28,44,10,7,6
YouGov/The Times,16 Jan 2024 - 17 Jan 2024,"2,092",20,47,8,12,7
Techne,17 Jan 2024 - 18 Jan 2024,"1,640",25,43,11,9,6
We Think,18 Jan 2024 - 19 Jan 2024,"1,163",23,48,9,10,5
Savanta,19 Jan 2024 - 21 Jan 2024,"2,017",29,43,10,8,4
Redfield and Wilton,21 Jan 2024 - 21 Jan 2024,"2,000",22,45,11,12,6
Deltapoll,19 Jan 2024 - 22 Jan 2024,"2,176",28,45,9,8,5
YouGov,23 Jan 2024 - 24 Jan 2024,"2,008",20,47,8,13,6
Techne,24 Jan 2024 - 25 Jan 2024,"1,641",24,44,10,9,7
PeoplePolling/GB News,25 Jan 2024 - 25 Jan 2024,"1,648",20,45,10,12,9
Opinium/The Observer,24 Jan 2024 - 26 Jan 2024,"1,382",27,42,10,10,6
We Think,26 Jan 2024 - 26 Jan 2024,"1,264",23,47,9,12,6
Deltapoll,26 Jan 2024 - 29 Jan 2024,"2,064",29,43,10,9,6
Redfield and Wilton,29 Jan 2024 - 29 Jan 2024,"2,000",22,45,11,12,6
More in Common,26 Jan 2024 - 31 Jan 2024,"3,113",29,43,10,8,6
Survation,30 Jan 2024 - 31 Jan 2024,810,27,44,11,7,3
YouGov/The Times,30 Jan 2024 - 31 Jan 2024,"2,008",23,44,9,12,6
Techne,31 Jan 2024 - 01 Feb 2024,"1,634",23,45,10,10,6
We Think,01 Feb 2024 - 02 Feb 2024,"1,283",23,45,9,11,9
Redfield and Wilton,04 Feb 2024 - 04 Feb 2024,"2,000",24,45,9,12,4
Deltapoll,02 Feb 2024 - 05 Feb 2024,"2,004",27,43,10,9,5
Redfield and Wilton,03 Feb 2024 - 05 Feb 2024,"5,000",23.0,44.0,11.0,12.0, 5.0
Whitestone Insight/Lady McAlpine,23 Jan 2024 - 07 Feb 2024,"13,534",20.0,42.0,10.0,13.0, 8.0
Techne,07 Feb 2024 - 08 Feb 2024,"1,639",24,44,10,10,6
YouGov/The Times,07 Feb 2024 - 08 Feb 2024,"2,029",21,46,9,12,7
Opinium/The Observer,06 Feb 2024 - 09 Feb 2024,"1,392",25,43,11,10,7
We Think,08 Feb 2024 - 09 Feb 2024,"1,171",26,42,11,10,6
More in Common,07 Feb 2024 - 11 Feb 2024,"2,050",29,40,11,10,6
Savanta,09 Feb 2024 - 11 Feb 2024,"2,224",29,41,11,8,3
Redfield and Wilton,11 Feb 2024 - 11 Feb 2024,"2,000",21,46,11,12,5
FindOutNow/The Mirror,24 Jan 2024 - 12 Feb 2024,"18,151",22.0,42.0,11.0,10.0, 7.0
Deltapoll,08 Feb 2024 - 12 Feb 2024,"1,977",27,45,8,10,4
Lord Ashcroft,08 Feb 2024 - 12 Feb 2024,"5,046",27.0,43.0, 7.0,10.0, 8.0
YouGov/WPI Strategy,09 Feb 2024 - 12 Feb 2024,"4,041",22,45,9,12,7
Survation,13 Feb 2024 - 15 Feb 2024,"1,020",29,44,9,7,3
Techne,14 Feb 2024 - 15 Feb 2024,"1,628",23,42,11,11,7
YouGov/The Times,14 Feb 2024 - 15 Feb 2024,"2,030",24,44,9,11,8
Opinium/The Observer,14 Feb 2024 - 16 Feb 2024,"1,348",27,43,10,9,7
We Think,15 Feb 2024 - 16 Feb 2024,"1,246",26,46,9,8,6
Savanta,16 Feb 2024 - 18 Feb 2024,"2,118",28,42,10,8,4
Redfield and Wilton,18 Feb 2024 - 18 Feb 2024,"2,000",23,46,9,11,6
Deltapoll,16 Feb 2024 - 19 Feb 2024,"1,519",27,48,8,7,6
YouGov/The Times,20 Feb 2024 - 21 Feb 2024,"2,035",20,46,9,13,7
Techne,21 Feb 2024 - 22 Feb 2024,"1,637",24,44,10,10,6
Opinium/The Observer,21 Feb 2024 - 23 Feb 2024,"1,417",27,42,10,10,7
We Think,22 Feb 2024 - 23 Feb 2024,"1,243",25,44,9,10,6
Redfield and Wilton,25 Feb 2024 - 25 Feb 2024,"2,000",23,43,10,12,8
Deltapoll,23 Feb 2024 - 26 Feb 2024,"1,490",23,44,11,10,5
More in Common,23 Feb 2024 - 27 Feb 2024,"2,075",28,43,10,9,5
Ipsos/Evening Standard,21 Feb 2024 - 28 Feb 2024,"1,004",20,47,9,8,8
Techne,28 Feb 2024 - 29 Feb 2024,"1,632",23,44,10,10,7
YouGov/The Times,28 Feb 2024 - 29 Feb 2024,"2,100",20,46,7,14,7
Opinium,28 Feb 2024 - 01 Mar 2024,"2,050",25,40,10,12,7
We Think,29 Feb 2024 - 01 Mar 2024,"1,240",23,47,9,10,5
Savanta,01 Mar 2024 - 03 Mar 2024,"2,245",27,44,10,8,4
Redfield and Wilton,03 Mar 2024 - 03 Mar 2024,"2,000",23,43,10,13,6
Deltapoll,01 Mar 2024 - 04 Mar 2024,"1,500",27,41,9,12,6
BMG/The i,06 Mar 2024 - 07 Mar 2024,"1,541",25,41,10,13,6
Techne,06 Mar 2024 - 07 Mar 2024,"1,640",23,44,11,11,6
YouGov/The Times,06 Mar 2024 - 07 Mar 2024,"2,053",20,47,9,13,7
PeoplePolling/GB News,07 Mar 2024 - 07 Mar 2024,"1,734",18,46,10,13,7
Opinium/The Observer,06 Mar 2024 - 08 Mar 2024,"2,054",25,41,10,11,7
We Think,07 Mar 2024 - 08 Mar 2024,"1,216",24,43,9,13,6
Savanta,08 Mar 2024 - 10 Mar 2024,"2,032",25,43,11,9,4
Redfield and Wilton,10 Mar 2024 - 10 Mar 2024,"2,000",24,42,12,14,5
Lord Ashcroft,07 Mar 2024 - 11 Mar 2024,"5,299",23.0,45.0, 6.0,11.0, 8.0
Deltapoll,08 Mar 2024 - 11 Mar 2024,"1,502",27,44,10,11,4
More in Common,08 Mar 2024 - 11 Mar 2024,"2,027",27,42,10,10,6
YouGov/The Times,12 Mar 2024 - 13 Mar 2024,"2,047",20,44,9,14,7
Survation,11 Mar 2024 - 14 Mar 2024,"1,043",26,45,11,8,3
Techne,13 Mar 2024 - 14 Mar 2024,"1,624",22,44,11,12,5
We Think,14 Mar 2024 - 15 Mar 2024,"1,270",25,43,10,12,6
Savanta/The Telegraph,15 Mar 2024 - 17 Mar 2024,"2,133",26,44,9,11,4
Redfield and Wilton,17 Mar 2024 - 17 Mar 2024,"2,000",21,47,8,14,6
Deltapoll,15 Mar 2024 - 18 Mar 2024,"2,072",23,46,9,12,5
More in Common,19 Mar 2024 - 20 Mar 2024,"2,027",25,43,11,11,5
YouGov/The Times,19 Mar 2024 - 20 Mar 2024,"2,047",19,44,9,15,8
Techne,20 Mar 2024 - 21 Mar 2024,"1,632",22,43,10,13,6
Opinium/The Observer,20 Mar 2024 - 22 Mar 2024,"1,318",25,41,10,11,8
We Think,21 Mar 2024 - 22 Mar 2024,"1,270",24,47,10,11,6
Savanta/The Telegraph,22 Mar 2024 - 24 Mar 2024,"2,216",24,44,10,11,4
More in Common,23 Mar 2024 - 24 Mar 2024,"1,966",27,42,10,11,5
Redfield and Wilton,24 Mar 2024 - 24 Mar 2024,"2,000",22,42,12,14,6
Deltapoll,22 Mar 2024 - 25 Mar 2024,"2,072",26,44,9,11,6
Savanta/The Sun,25 Mar 2024 - 27 Mar 2024,"3,302",24,45,10,12,3
YouGov/The Times,26 Mar 2024 - 27 Mar 2024,"2,061",21,40,10,16,8
Techne,27 Mar 2024 - 28 Mar 2024,"1,641",23,44,10,12,5
We Think,27 Mar 2024 - 28 Mar 2024,"1,295",25,44,10,10,5
Redfield and Wilton,31 Mar 2024 - 31 Mar 2024,"2,000",22,46,10,14,5
BMG/The i,02 Apr 2024 - 03 Apr 2024,"1,530",25,43,8,14,6
YouGov/The Times,02 Apr 2024 - 03 Apr 2024,"2,004",20,43,8,16,8
Techne,03 Apr 2024 - 04 Apr 2024,"1,638",22,45,9,13,5
PeoplePolling/GB News,04 Apr 2024 - 04 Apr 2024,"1,809",19,45,9,14,8
Opinium/The Observer,03 Apr 2024 - 05 Apr 2024,"1,318",25,41,10,11,8
We Think,04 Apr 2024 - 05 Apr 2024,"1,280",24,45,10,13,5
JLPartners/The Rest is Politics,04 Apr 2024 - 07 Apr 2024,"2,011",24,42,10,13,5
Savanta/The Telegraph,05 Apr 2024 - 07 Apr 2024,"2,210",27,42,10,10,4
Redfield and Wilton,07 Apr 2024 - 07 Apr 2024,"2,000",21,44,10,15,6
Techne,10 Apr 2024 - 11 Apr 2024,"1,630",23,44,10,12,5
YouGov/The Times,10 Apr 2024 - 11 Apr 2024,"2,044",19,45,8,15,7
We Think,11 Apr 2024 - 12 Apr 2024,"1,271",24,44,9,11,6
Savanta/The Telegraph,12 Apr 2024 - 14 Apr 2024,"2,221",25,43,10,9,4
Redfield and Wilton,14 Apr 2024 - 14 Apr 2024,"2,000",22,44,9,15,6
Ipsos,03 Apr 2024 - 15 Apr 2024,"1,072",19,44,9,13,9
Deltapoll,12 Apr 2024 - 15 Apr 2024,"2,072",25,45,9,11,5
YouGov/The Times,16 Apr 2024 - 17 Apr 2024,"2,048",21,44,8,14,8
Survation,17 Apr 2024 - 18 Apr 2024,"1,010",26,44,11,8,4
Techne,17 Apr 2024 - 18 Apr 2024,"1,640",22,45,9,13,5
Opinium/The Observer,17 Apr 2024 - 19 Apr 2024,"1,431",25,41,10,13,7
We Think,18 Apr 2024 - 19 Apr 2024,"1,266",26,43,9,11,7
Savanta/The Telegraph,19 Apr 2024 - 21 Apr 2024,"2,332",27,43,9,10,4
Redfield and Wilton,21 Apr 2024 - 21 Apr 2024,"2,000",20,43,12,14,6
Deltapoll,19 Apr 2024 - 22 Apr 2024,"1,525",27,43,9,12,5
YouGov/The Times,23 Apr 2024 - 24 Apr 2024,"2,100",20,45,9,13,7
Techne,24 Apr 2024 - 25 Apr 2024,"1,642",23,44,9,11,6
We Think,25 Apr 2024 - 26 Apr 2024,"1,265",22,44,9,13,6
More in Common,26 Apr 2024 - 28 Apr 2024,"2,053",24,43,11,11,6
Savanta/The Telegraph,26 Apr 2024 - 28 Apr 2024,"2,144",26,44,10,10,3
Redfield and Wilton,28 Apr 2024 - 28 Apr 2024,"2,000",22,45,9,14,6
Labour Together,19 Apr 2024 - 29 Apr 2024,"9,403",22.0,44.0,10.0,13.0, 6.0
Deltapoll,26 Apr 2024 - 29 Apr 2024,"1,577",24,44,8,12,5
YouGov/The Times,30 Apr 2024 - 01 May 2024,"2,010",18,44,10,15,8
Techne,01 May 2024 - 02 May 2024,"1,633",22,44,10,13,6
Opinium/The Observer,01 May 2024 - 03 May 2024,"1,402",24,40,11,12,7
More in Common,02 May 2024 - 03 May 2024,"2,135",26,43,10,11,5
We Think,02 May 2024 - 03 May 2024,"1,177",24,44,8,13,6
JL Partners/The Rest is Politics,02 May 2024 - 05 May 2024,"2,011",26,41,11,13,5
Savanta/The Telegraph,03 May 2024 - 05 May 2024,"2,267",27,43,11,9,4
Redfield and Wilton,05 May 2024 - 05 May 2024,"2,000",21,44,9,15,5
Deltapoll,03 May 2024 - 07 May 2024,"1,993",26,43,10,10,5
YouGov/The Times,07 May 2024 - 08 May 2024,"2,072",18,48,9,13,7
Techne,08 May 2024 - 09 May 2024,"1,638",21,45,11,12,6
Survation,09 May 2024 - 10 May 2024,"1,054",24,44,10,8,7
We Think,09 May 2024 - 10 May 2024,"1,183",24,47,9,10,6
Savanta/The Telegraph,10 May 2024 - 12 May 2024,"2,090",25,43,12,10,4
Redfield and Wilton,12 May 2024 - 12 May 2024,"3,000",21,42,12,15,6
Lord Ashcroft,09 May 2024 - 13 May 2024,"5,485",22.0,45.0, 8.0,11.0, 8.0
Deltapoll,10 May 2024 - 13 May 2024,"1,031",27,45,8,10,6
Ipsos,08 May 2024 - 14 May 2024,"1,008",20,41,11,9,11
Techne,15 May 2024 - 16 May 2024,"1,641",21,44,12,12,6
Whitestone Insight/Daily Express;Daily Mirror,15 May 2024 - 16 May 2024,"2,024",24,44,8,13,6
YouGov/The Times,15 May 2024 - 16 May 2024,"1,031",20,47,9,11,8
PeoplePolling/GB News,16 May 2024 - 16 May 2024,"1,476",20,46,8,14,8
Opinium/The Observer,15 May 2024 - 17 May 2024,"1,458",25,43,9,10,7
We Think,16 May 2024 - 17 May 2024,"1,064",23,46,8,11,8
More in Common,17 May 2024 - 19 May 2024,"2,308",27,43,9,11,6
Savanta/The Telegraph,17 May 2024 - 19 May 2024,"2,295",26,43,10,9,5
Redfield and Wilton,19 May 2024 - 19 May 2024,"3,700",23,45,10,12,5
Deltapoll,17 May 2024 - 20 May 2024,"1,968",23,45,10,12,5
AVERAGE,12 Dec 2019 - 30 Dec 2024,"2,425,379",31.8,41.4, 9.5, 4.8, 5.4
